Class	Category	Assay	Cell_line	Original_ID	Target	Experiment	Peak_accession	Peak_file	start_in_gene_filter	IR_total_annotated	NonIR_total_annotated	IR_event_region_overlap	NonIR_event_region_overlap	IR_event_region_occupancy_%	NonIR_event_region_occupancy_%	event_region_peak_event_count_IR	event_region_peak_event_count_NonIR	event_region_odds_ratio	event_region_fisher_p_value	IR_intron_only_overlap	NonIR_intron_only_overlap	IR_intron_only_occupancy_%	NonIR_intron_only_occupancy_%	intron_only_peak_event_count_IR	intron_only_peak_event_count_NonIR	intron_only_odds_ratio	intron_only_fisher_p_value	Source_File	metric	IR_occupancy_rate_corrected	NonIR_occupancy_rate_corrected	occupancy_ratio_corrected	log2_IR_vs_nonIR_occupancy_ratio	delta_occupancy_%	raw_occupancy_ratio	minus_log10_fisher_p
positive_only	RBP	eCLIP	HepG2	PCBP1	PCBP1	ENCSR256CHX	ENCFF098REE	/rhome/yzhan677/bigdata/eCLIP_HepG2/PCBP1/PCBP1_HepG2_ENCSR256CHX_ENCFF098REE_GRCh38_rep1-2.narrowPeak.bed	yes	502	8607	30	130	5.9760956175298805	1.5103985128383872	68	223	4.144556714471968	2.457034994938692e-09	8	5	1.593625498007968	0.0580922504937841	18	5	27.860728744939276	8.112774514475688e-08	C:\Users\Yusen Zhang\Downloads\baseline_like_overlap_three_class_summary.tsv	event_region	0.06063618290258449	0.015160315985130112	3.99966484617201	1.9998791137440988	4.465697104691493	3.9566349984676683	8.609588657927516
positive_only	RBP	eCLIP	HepG2	PCBP2	PCBP2	ENCSR339FUY	ENCFF642GNE	/rhome/yzhan677/bigdata/eCLIP_HepG2/PCBP2/PCBP2_HepG2_ENCSR339FUY_ENCFF642GNE_GRCh38_rep1-2.narrowPeak.bed	yes	502	8607	89	647	17.729083665338646	7.517137213895666	233	1292	2.6512381601056845	6.454955900912209e-13	33	54	6.573705179282868	0.6273963053328686	77	73	11.144633972992182	6.792961090607822e-20	C:\Users\Yusen Zhang\Downloads\baseline_like_overlap_three_class_summary.tsv	event_region	0.1779324055666004	0.07522072490706319	2.3654704974784497	1.2421271674414371	10.21194645144298	2.358488765186549	12.190106720408545
positive_only	RBP	eCLIP	HepG2	SF3B4	SF3B4	ENCSR279UJF	ENCFF073IJF	/rhome/yzhan677/bigdata/eCLIP_HepG2/SF3B4/SF3B4_HepG2_ENCSR279UJF_ENCFF073IJF_GRCh38_rep1-2.narrowPeak.bed	yes	502	8607	173	926	34.462151394422314	10.75868479144882	358	1889	4.361711974896112	5.771891490654195e-42	107	262	21.31474103585657	3.044033925874289	163	280	8.628031693883466	2.050738062219617e-50	C:\Users\Yusen Zhang\Downloads\baseline_like_overlap_three_class_summary.tsv	event_region	0.34493041749502984	0.10763243494423792	3.2047069981621337	1.6801924593020923	23.703466602973492	3.20319370466299	41.23868184207146
positive_only	RBP	eCLIP	HepG2	SFPQ	SFPQ	ENCSR965DLL	ENCFF139NXB	/rhome/yzhan677/bigdata/eCLIP_HepG2/SFPQ/SFPQ_HepG2_ENCSR965DLL_ENCFF139NXB_GRCh38_rep1-2.narrowPeak.bed	yes	502	8607	6	41	1.195219123505976	0.4763564540490299	12	98	2.527340676632573	0.042939314037117	4	1	0.796812749003984	0.0116184500987568	10	1	69.12449799196787	4.360677139501073e-05	C:\Users\Yusen Zhang\Downloads\baseline_like_overlap_three_class_summary.tsv	event_region	0.012922465208747515	0.004821096654275093	2.6803995305276773	1.4224480595452644	0.718862669456946	2.5090856087843743	1.3671448977729523
positive_only	RBP	eCLIP	HepG2	SRSF9	SRSF9	ENCSR773KRC	ENCFF765PIF	/rhome/yzhan677/bigdata/eCLIP_HepG2/SRSF9/SRSF9_HepG2_ENCSR773KRC_ENCFF765PIF_GRCh38_rep1-2.narrowPeak.bed	yes	502	8607	40	41	7.968127490039841	0.4763564540490299	58	61	18.088902966951743	2.578409663302296e-29	14	4	2.788844621513944	0.0464738003950273	23	4	61.70184426229508	4.996329600911751e-15	C:\Users\Yusen Zhang\Downloads\baseline_like_overlap_three_class_summary.tsv	event_region	0.0805168986083499	0.004821096654275093	16.700950920980144	4.061858344288797	7.491771035990811	16.72723739189583	28.58864807985416
positive_only	RBP	eCLIP	K562	MBNL1	MBNL1	ENCSR497XZI	ENCFF603WDI	/rhome/yzhan677/bigdata/eCLIP_K562/MBNL1/MBNL1_K562_ENCSR497XZI_ENCFF603WDI_GRCh38_rep1-2.narrowPeak.bed	yes	2645	5737	75	70	2.835538752362949	1.2201499041310788	135	151	2.362562534741523	4.739320770990192e-07	30	2	1.1342155009451798	0.0348614258323165	46	2	32.896749521988525	2.0194204329510046e-13	C:\Users\Yusen Zhang\Downloads\baseline_like_overlap_three_class_summary.tsv	event_region	0.028533635676492818	0.012286510979435344	2.322354631371855	1.215588293416273	1.6153888482318701	2.3239265460437486	6.324283895994317
positive_only	RBP	eCLIP	K562	NONO	NONO	ENCSR861PAR	ENCFF730QRI	/rhome/yzhan677/bigdata/eCLIP_K562/NONO/NONO_K562_ENCSR861PAR_ENCFF730QRI_GRCh38_rep1-2.narrowPeak.bed	yes	2645	5737	143	95	5.406427221172023	1.6559177270350358	827	527	3.394362404812992	5.911414613666776e-20	90	14	3.402646502835539	0.2440299808262158	399	29	14.399496785015376	1.4109784679390943e-31	C:\Users\Yusen Zhang\Downloads\baseline_like_overlap_three_class_summary.tsv	event_region	0.05423280423280423	0.016643429766469153	3.258511316102939	1.7042130051299267	3.750509494136987	3.264912943985673	19.228308579119595
positive_only	RBP	eCLIP	K562	PCBP1	PCBP1	ENCSR922WJV	ENCFF900IOH	/rhome/yzhan677/bigdata/eCLIP_K562/PCBP1/PCBP1_K562_ENCSR922WJV_ENCFF900IOH_GRCh38_rep1-2.narrowPeak.bed	yes	2645	5737	115	125	4.3478260869565215	2.178839114519784	197	257	2.0407272727272727	9.391985709315923e-08	33	4	1.2476370510396977	0.069722851664633	49	4	18.107676110260336	3.993650853581919e-13	C:\Users\Yusen Zhang\Downloads\baseline_like_overlap_three_class_summary.tsv	event_region	0.04365079365079365	0.021871732310909723	1.995762979826725	0.9969403939552732	2.1689869724367377	1.9954782608695651	7.02724257691098
positive_only	RBP	eCLIP	K562	SF3B4	SF3B4	ENCSR267OLV	ENCFF649GEE	/rhome/yzhan677/bigdata/eCLIP_K562/SF3B4/SF3B4_K562_ENCSR267OLV_ENCFF649GEE_GRCh38_rep1-2.narrowPeak.bed	yes	2645	5737	706	999	26.69187145557656	17.41328220324211	1246	2182	1.72685733696564	5.489436059461996e-22	386	181	14.593572778827976	3.1549590378246477	504	201	5.245111634493334	1.588498124559034e-76	C:\Users\Yusen Zhang\Downloads\baseline_like_overlap_three_class_summary.tsv	event_region	0.26700680272108845	0.1741896131056117	1.5328514597434773	0.6162179000792994	9.278589252334449	1.5328455109173447	21.260472269182642
positive_only	RBP	eCLIP	K562	SRSF9	SRSF9	ENCSR381VNR	ENCFF781BNS	/rhome/yzhan677/bigdata/eCLIP_K562/SRSF9/SRSF9_K562_ENCSR381VNR_ENCFF781BNS_GRCh38_rep1-2.narrowPeak.bed	yes	2645	5737	5	2	0.1890359168241966	0.0348614258323165	12	2	5.430871212121212	0.0357618042321879	4	0	0.1512287334593572	0.0	11	0	inf	0.0099000502141033	C:\Users\Yusen Zhang\Downloads\baseline_like_overlap_three_class_summary.tsv	event_region	0.0020786092214663643	0.000435691878703381	4.770823885109599	2.2542384302399223	0.1541744909918801	5.4224952741020855	1.4465805785697188
positive_only	TF	TF ChIP-seq	GM12878	E2F8	E2F8	ENCSR793HVL	ENCFF412GFI	/rhome/yzhan677/bigdata/ChIP-seq_GM12878/E2F8/E2F8_GM12878_ENCSR793HVL_ENCFF412GFI_GRCh38_rep1-2.narrowPeak.bed	yes	2995	6877	80	177	2.671118530884808	2.573796713683292	102	273	1.0388502873312595	0.7835122831500986	31	24	1.0350584307178632	0.3489893849062091	35	27	2.986434435447593	8.45929051671045e-05	C:\Users\Yusen Zhang\Downloads\baseline_like_overlap_three_class_summary.tsv	event_region	0.026869158878504672	0.025806920616458274	1.0411609845991838	0.05819315579061228	0.09732181720151578	1.0378125501070523	0.10595419069188963
positive_only	TF	TF ChIP-seq	GM12878	KLF5	KLF5	ENCSR974OFJ	ENCFF417WPC	/rhome/yzhan677/bigdata/ChIP-seq_GM12878/KLF5/KLF5_GM12878_ENCSR974OFJ_ENCFF417WPC_GRCh38_rep1-2.narrowPeak.bed	yes	2995	6877	121	306	4.040066777963272	4.449614657554166	176	490	0.9040837165299894	0.3892373244534007	50	42	1.669449081803005	0.6107314235858659	64	47	2.7629557765381194	1.773834786615263e-06	C:\Users\Yusen Zhang\Downloads\baseline_like_overlap_three_class_summary.tsv	event_region	0.04055407209612817	0.04456237278278569	0.910051901719966	-0.13597926801696075	-0.4095478795908942	0.9079587984331183	0.4097855213663323
positive_only	TF	TF ChIP-seq	GM12878	REST	REST	ENCSR000BQS	ENCFF313CII	/rhome/yzhan677/bigdata/ChIP-seq_GM12878/REST/REST_GM12878_ENCSR000BQS_ENCFF313CII_GRCh38_rep1-2.narrowPeak.bed	yes	2995	6877	37	143	1.2353923205342237	2.0793950850661624	40	150	0.5890343598254348	0.0040379083538236	17	24	0.5676126878130217	0.3489893849062091	17	24	1.6300229460488025	0.1271594347430169	C:\Users\Yusen Zhang\Downloads\baseline_like_overlap_three_class_summary.tsv	event_region	0.012516688918558077	0.020863623146263447	0.5999288249605746	-0.737136744111767	-0.8440027645319388	0.5941113977841858	2.393843542222585
positive_only	TF	TF ChIP-seq	HepG2	E2F8	E2F8	ENCSR634GEO	ENCFF780JMA	/rhome/yzhan677/bigdata/ChIP-seq_HepG2/E2F8/E2F8_HepG2_ENCSR634GEO_ENCFF780JMA_GRCh38_rep1-2.narrowPeak.bed	yes	502	8607	58	727	11.553784860557768	8.446613221796213	99	1287	1.4159138505768492	0.0215534980022479	26	162	5.179282868525896	1.8821889159986056	39	193	2.847416744475568	1.228661319740906e-05	C:\Users\Yusen Zhang\Downloads\baseline_like_overlap_three_class_summary.tsv	event_region	0.11630218687872763	0.08451440520446096	1.3761226455698798	0.46060905453885553	3.107171638761555	1.3678600590759382	1.6664822364177836
positive_only	TF	TF ChIP-seq	HepG2	KLF11	KLF11	ENCSR616OSG	ENCFF443QKY	/rhome/yzhan677/bigdata/ChIP-seq_HepG2/KLF11/KLF11_HepG2_ENCSR616OSG_ENCFF443QKY_GRCh38_rep1-2.narrowPeak.bed	yes	502	8607	30	359	5.9760956175298805	4.1710235854537006	42	600	1.4602709975921817	0.0677922844814125	13	64	2.589641434262948	0.7435808063204369	20	72	3.5486643660531696	0.0002643483499201	C:\Users\Yusen Zhang\Downloads\baseline_like_overlap_three_class_summary.tsv	event_region	0.06063618290258449	0.041763475836431224	1.451895027609033	0.5379371498746857	1.80507203207618	1.4327647626763143	1.1688197308795438
positive_only	TF	TF ChIP-seq	HepG2	KLF12	KLF12	ENCSR552YWL	ENCFF124UUN	/rhome/yzhan677/bigdata/ChIP-seq_HepG2/KLF12/KLF12_HepG2_ENCSR552YWL_ENCFF124UUN_GRCh38_rep1-2.narrowPeak.bed	yes	502	8607	39	385	7.768924302788845	4.473103288021378	59	584	1.79887240189616	0.001453622355986	20	73	3.98406374501992	0.8481468572092483	25	98	4.850792929005855	1.1293966744176348e-07	C:\Users\Yusen Zhang\Downloads\baseline_like_overlap_three_class_summary.tsv	event_region	0.07852882703777336	0.0447839219330855	1.7535049108719925	0.8102414710131657	3.2958210147674665	1.7368086097169761	2.837548406416384
positive_only	TF	TF ChIP-seq	HepG2	KLF13	KLF13	ENCSR756SZU	ENCFF494FXL	/rhome/yzhan677/bigdata/ChIP-seq_HepG2/KLF13/KLF13_HepG2_ENCSR756SZU_ENCFF494FXL_GRCh38_rep1-2.narrowPeak.bed	yes	502	8607	28	157	5.577689243027888	1.8240966655048216	29	191	3.1793383321239483	9.273341024490392e-07	13	27	2.589641434262948	0.3136981526664343	13	32	8.448079981822312	1.1299877432272453e-07	C:\Users\Yusen Zhang\Downloads\baseline_like_overlap_three_class_summary.tsv	event_region	0.05666003976143141	0.01829693308550186	3.096696014389851	1.6307297685285598	3.753592577523066	3.0577816124038875	6.03276376886676
positive_only	TF	TF ChIP-seq	HepG2	KLF15	KLF15	ENCSR860ONE	ENCFF663PTR	/rhome/yzhan677/bigdata/ChIP-seq_HepG2/KLF15/KLF15_HepG2_ENCSR860ONE_ENCFF663PTR_GRCh38_rep1-2.narrowPeak.bed	yes	502	8607	24	134	4.780876494023905	1.5568723132334146	34	190	3.1747954786735777	5.24077599134736e-06	7	26	1.394422310756972	0.3020797025676774	12	31	4.667210567210567	0.0018064578919807	C:\Users\Yusen Zhang\Downloads\baseline_like_overlap_three_class_summary.tsv	event_region	0.048707753479125246	0.015625	3.1172962226640157	1.6402952543096811	3.22400418079049	3.070821192840578	5.280604403129094
positive_only	TF	TF ChIP-seq	HepG2	KLF16	KLF16	ENCSR913KJZ	ENCFF194QYM	/rhome/yzhan677/bigdata/ChIP-seq_HepG2/KLF16/KLF16_HepG2_ENCSR913KJZ_ENCFF194QYM_GRCh38_rep1-2.narrowPeak.bed	yes	502	8607	8	78	1.593625498007968	0.9062391077030324	13	84	1.7707879165369045	0.1458272445756938	3	17	0.5976095617529881	0.197513651678866	8	17	3.0378403866556645	0.0945496191089062	C:\Users\Yusen Zhang\Downloads\baseline_like_overlap_three_class_summary.tsv	event_region	0.016898608349900597	0.009119423791821561	1.8530346582922845	0.8898898651098095	0.6873863903049356	1.7585044437634079	0.8361613301776598
positive_only	TF	TF ChIP-seq	HepG2	MYRF	MYRF	ENCSR792MZV	ENCFF158PPW	/rhome/yzhan677/bigdata/ChIP-seq_HepG2/MYRF/MYRF_HepG2_ENCSR792MZV_ENCFF158PPW_GRCh38_rep1-2.narrowPeak.bed	yes	502	8607	20	208	3.98406374501992	2.41663762054142	28	266	1.6755106926268752	0.0380580566210075	8	27	1.593625498007968	0.3136981526664343	11	32	5.146198830409356	0.0005049196524098	C:\Users\Yusen Zhang\Downloads\baseline_like_overlap_three_class_summary.tsv	event_region	0.040755467196819085	0.024221654275092937	1.6826046121353415	0.7506962039245172	1.5674261244784997	1.6485979160281945	1.41955339209527
positive_only	TF	TF ChIP-seq	HepG2	REST	REST	ENCSR000BOT	ENCFF669XCW	/rhome/yzhan677/bigdata/ChIP-seq_HepG2/REST/REST_HepG2_ENCSR000BOT_ENCFF669XCW_GRCh38_rep1-2.narrowPeak.bed	yes	502	8607	31	427	6.175298804780876	4.961078192169165	35	553	1.260858107469781	0.2464067409139971	13	52	2.589641434262948	0.6041594051353549	15	54	4.373721881390593	4.33193297175468e-05	C:\Users\Yusen Zhang\Downloads\baseline_like_overlap_three_class_summary.tsv	event_region	0.06262425447316103	0.04966310408921933	1.2609814795437897	0.3345470864777531	1.2142206126117117	1.2447493398770257	0.6083474154130204
positive_only	TF	TF ChIP-seq	HepG2	SP1	SP1	ENCSR460YAM	ENCFF333SWC	/rhome/yzhan677/bigdata/ChIP-seq_HepG2/SP1/SP1_HepG2_ENCSR460YAM_ENCFF333SWC_GRCh38_rep1-2.narrowPeak.bed	yes	502	8607	33	433	6.573705179282868	5.030788892761706	39	602	1.328274496865721	0.1432429295863454	14	65	2.788844621513944	0.7551992564191936	17	76	3.7701134930643128	9.010266261036604e-05	C:\Users\Yusen Zhang\Downloads\baseline_like_overlap_three_class_summary.tsv	event_region	0.06660039761431412	0.05036013011152416	1.322482635903151	0.40324877998703457	1.5429162865211623	1.306694699262994	0.8439268054332882
positive_only	TF	TF ChIP-seq	HepG2	SP4	SP4	ENCSR642PQK	ENCFF938KVY	/rhome/yzhan677/bigdata/ChIP-seq_HepG2/SP4/SP4_HepG2_ENCSR642PQK_ENCFF938KVY_GRCh38_rep1-2.narrowPeak.bed	yes	502	8607	59	533	11.752988047808763	6.192633902637388	81	928	2.0174827099894546	6.291947332327387e-06	20	138	3.98406374501992	1.603346113628442	29	167	2.546454988273498	0.0005299294981085	C:\Users\Yusen Zhang\Downloads\baseline_like_overlap_three_class_summary.tsv	event_region	0.11829025844930417	0.061977230483271376	1.908608331268248	0.9325210752346156	5.560354145171376	1.897898088695873	5.201214921359514
positive_only	TF	TF ChIP-seq	HepG2	ZNF180	ZNF180	ENCSR298DSB	ENCFF405YXO	/rhome/yzhan677/bigdata/ChIP-seq_HepG2/ZNF180/ZNF180_HepG2_ENCSR298DSB_ENCFF405YXO_GRCh38_rep1-2.narrowPeak.bed	yes	502	8607	10	75	1.99203187250996	0.871383757406762	12	86	2.31219512195122	0.0259005963170492	4	14	0.796812749003984	0.1626583013825955	5	15	4.930005737234653	0.0150356480863549	C:\Users\Yusen Zhang\Downloads\baseline_like_overlap_three_class_summary.tsv	event_region	0.020874751491053677	0.008770910780669145	2.379998156754835	1.2509604562047782	1.120648115103198	2.2860557768924297	1.5866902369140123
positive_only	TF	TF ChIP-seq	HepG2	ZNF30	ZNF30	ENCSR891KNP	ENCFF290UUF	/rhome/yzhan677/bigdata/ChIP-seq_HepG2/ZNF30/ZNF30_HepG2_ENCSR891KNP_ENCFF290UUF_GRCh38_rep1-2.narrowPeak.bed	yes	502	8607	16	141	3.187250996015936	1.6382014639247124	22	209	1.9767095700901849	0.0194151063838406	9	23	1.7928286852589643	0.267224352271407	12	27	6.813299232736573	3.914044969886972e-05	C:\Users\Yusen Zhang\Downloads\baseline_like_overlap_three_class_summary.tsv	event_region	0.032803180914512925	0.016438197026022304	1.9955461576828784	0.9967836492776684	1.5490495320912236	1.9455793845893024	1.711860225422422
positive_only	TF	TF ChIP-seq	HepG2	ZNF441	ZNF441	ENCSR673GDQ	ENCFF924VAH	/rhome/yzhan677/bigdata/ChIP-seq_HepG2/ZNF441/ZNF441_HepG2_ENCSR673GDQ_ENCFF924VAH_GRCh38_rep1-2.narrowPeak.bed	yes	502	8607	36	476	7.171314741035857	5.530382247008249	59	725	1.3196342914848342	0.1337257411910776	14	82	2.788844621513944	0.9527129080980598	20	92	2.9825569772091165	0.0007329450961554	C:\Users\Yusen Zhang\Downloads\baseline_like_overlap_three_class_summary.tsv	event_region	0.07256461232604373	0.05535548327137547	1.310883909554217	0.39053992772117224	1.6409324940276084	1.296712310422177	0.873784986296636
positive_only	TF	TF ChIP-seq	HepG2	ZNF564	ZNF564	ENCSR397EOT	ENCFF310IWF	/rhome/yzhan677/bigdata/ChIP-seq_HepG2/ZNF564/ZNF564_HepG2_ENCSR397EOT_ENCFF310IWF_GRCh38_rep1-2.narrowPeak.bed	yes	502	8607	33	389	6.573705179282868	4.519577088416405	49	641	1.4864750796147796	0.0377722962253946	16	77	3.187250996015936	0.8946206576042756	21	97	3.647052535941425	4.1950263952877896e-05	C:\Users\Yusen Zhang\Downloads\baseline_like_overlap_three_class_summary.tsv	event_region	0.06660039761431412	0.04524860594795539	1.47187733674972	0.5576574451472004	2.054128090866463	1.4544956421102224	1.4228266130621814
positive_only	TF	TF ChIP-seq	HepG2	ZNF704	ZNF704	ENCSR523RGJ	ENCFF155NXO	/rhome/yzhan677/bigdata/ChIP-seq_HepG2/ZNF704/ZNF704_HepG2_ENCSR523RGJ_ENCFF155NXO_GRCh38_rep1-2.narrowPeak.bed	yes	502	8607	29	278	5.776892430278884	3.229929127454398	43	393	1.8368975010266628	0.0046338839546693	15	61	2.98804780876494	0.7087254560241664	21	77	4.3151445787188205	1.3370476482314609e-05	C:\Users\Yusen Zhang\Downloads\baseline_like_overlap_three_class_summary.tsv	event_region	0.05864811133200795	0.032353624535315983	1.8127215165024217	0.8581573047729065	2.546963302824486	1.78855083264066	2.334054846350493
positive_only	TF	TF ChIP-seq	K562	E2F8	E2F8	ENCSR953DVM	ENCFF171WWF	/rhome/yzhan677/bigdata/ChIP-seq_K562/E2F8/E2F8_K562_ENCSR953DVM_ENCFF171WWF_GRCh38_rep1-2.narrowPeak.bed	yes	2645	5737	170	231	6.427221172022684	4.026494683632561	214	343	1.6371857099129827	3.382856084687062e-06	51	36	1.9281663516068053	0.6275056649816977	63	38	3.113499100488306	1.7662445415930814e-07	C:\Users\Yusen Zhang\Downloads\baseline_like_overlap_three_class_summary.tsv	event_region	0.06443688586545729	0.04034506796793308	1.5971440652094768	0.6754944522539235	2.4007264883901236	1.5962323750603522	5.470716477812298
positive_only	TF	TF ChIP-seq	K562	KLF13	KLF13	ENCSR608HVP	ENCFF381GEK	/rhome/yzhan677/bigdata/ChIP-seq_K562/KLF13/KLF13_K562_ENCSR608HVP_ENCFF381GEK_GRCh38_rep1-2.narrowPeak.bed	yes	2645	5737	131	230	4.952741020793951	4.009063970716403	170	318	1.247651412957006	0.0491960122052852	51	31	1.9281663516068053	0.5403521004009063	61	31	3.6188474643718753	1.2006366792863808e-08	C:\Users\Yusen Zhang\Downloads\baseline_like_overlap_three_class_summary.tsv	event_region	0.049697656840513985	0.04017079121645172	1.2371590236480228	0.30703095535295205	0.9436770500775484	1.2353858798389086	1.308070099416178
positive_only	TF	TF ChIP-seq	K562	KLF16	KLF16	ENCSR760UVO	ENCFF379LKE	/rhome/yzhan677/bigdata/ChIP-seq_K562/KLF16/KLF16_K562_ENCSR760UVO_ENCFF379LKE_GRCh38_rep1-2.narrowPeak.bed	yes	2645	5737	189	493	7.145557655954632	8.593341467666027	236	691	0.8185575252228264	0.025347966270633	60	74	2.2684310018903595	1.289872755795712	68	76	1.7762559464687124	0.0013533847393172	C:\Users\Yusen Zhang\Downloads\baseline_like_overlap_three_class_summary.tsv	event_region	0.07161753590325019	0.0860055768560474	0.8327080466319141	-0.2641173297953182	-1.4477838117113953	0.8315226018704204	1.5960568794420051
positive_only	TF	TF ChIP-seq	K562	REST	REST	ENCSR054JMQ	ENCFF118ECK	/rhome/yzhan677/bigdata/ChIP-seq_K562/REST/REST_K562_ENCSR054JMQ_ENCFF118ECK_GRCh38_rep1-2.narrowPeak.bed	yes	2645	5737	111	156	4.196597353497165	2.71919121492069	140	217	1.567125554004007	0.0004816208352407	56	23	2.117202268431002	0.4009063970716402	66	25	5.373637630779048	7.450886972059927e-13	C:\Users\Yusen Zhang\Downloads\baseline_like_overlap_three_class_summary.tsv	event_region	0.042139077853363564	0.02727431160683165	1.545009768195528	0.6276159594776739	1.4774061385764745	1.543325578013669	3.317294733472953
positive_only	TF	TF ChIP-seq	K562	SP1	SP1	ENCSR372IML	ENCFF412ERW	/rhome/yzhan677/bigdata/ChIP-seq_K562/SP1/SP1_K562_ENCSR372IML_ENCFF412ERW_GRCh38_rep1-2.narrowPeak.bed	yes	2645	5737	265	401	10.01890359168242	6.989715879379467	441	700	1.4816320543179866	3.143576518111054e-06	106	105	4.007561436672968	1.8302248561966183	148	137	2.239321817738517	1.2152896501250435e-08	C:\Users\Yusen Zhang\Downloads\baseline_like_overlap_three_class_summary.tsv	event_region	0.10034013605442177	0.06997211571976299	1.4340017451563438	0.5200467797768266	3.029187712302953	1.433377803129228	5.502575963979629
both	RBP	eCLIP	HepG2	FXR2	FXR2	ENCSR973HOJ	ENCFF112MVG	/rhome/yzhan677/bigdata/eCLIP_HepG2/FXR2/FXR2_HepG2_ENCSR973HOJ_ENCFF112MVG_GRCh38_rep1-2.narrowPeak.bed	yes	502	8607	14	595	2.788844621513944	6.912977808760311	39	2726	0.3863066538090646	0.0001000315904251	5	60	0.99601593625498	0.6971070059254095	14	68	1.4330985915492958	0.4068625336286395	C:\Users\Yusen Zhang\Downloads\baseline_like_overlap_three_class_summary.tsv	event_region	0.02882703777335984	0.06917983271375465	0.416697130399801	-1.262928929985445	-4.1241331872463665	0.40342160768689944	3.999862826192735
both	RBP	eCLIP	HepG2	HNRNPC	HNRNPC	ENCSR550DVK	ENCFF440ROZ	/rhome/yzhan677/bigdata/eCLIP_HepG2/HNRNPC/HNRNPC_HepG2_ENCSR550DVK_ENCFF440ROZ_GRCh38_rep1-2.narrowPeak.bed	yes	502	8607	39	333	7.768924302788845	3.868943882886023	55	543	2.092930943902866	0.0001008734012035	18	39	3.5856573705179287	0.4531195538515162	24	45	8.17037507946599	6.787594962566011e-10	C:\Users\Yusen Zhang\Downloads\baseline_like_overlap_three_class_summary.tsv	event_region	0.07852882703777336	0.03874302973977695	2.0269149719374906	1.019285569743615	3.8999804199028216	2.008021966189297	3.996223335580903
both	RBP	eCLIP	HepG2	HNRNPL	HNRNPL	ENCSR724RDN	ENCFF266TKW	/rhome/yzhan677/bigdata/eCLIP_HepG2/HNRNPL/HNRNPL_HepG2_ENCSR724RDN_ENCFF266TKW_GRCh38_rep1-2.narrowPeak.bed	yes	502	8607	38	455	7.569721115537849	5.286394794934355	88	1107	1.467298219022357	0.0327643365747651	17	29	3.386454183266932	0.336935052863948	41	72	10.36800568787771	1.205125265856503e-10	C:\Users\Yusen Zhang\Downloads\baseline_like_overlap_three_class_summary.tsv	event_region	0.07654075546719682	0.05291589219330855	1.4464606433844793	0.5325270696439479	2.2833263206034937	1.4319250470644895	1.4845986213851097
both	RBP	eCLIP	HepG2	PABPN1	PABPN1	ENCSR820UYE	ENCFF709FEU	/rhome/yzhan677/bigdata/eCLIP_HepG2/PABPN1/PABPN1_HepG2_ENCSR820UYE_ENCFF709FEU_GRCh38_rep1-2.narrowPeak.bed	yes	502	8607	71	311	14.14342629482072	3.6133379807133728	189	831	4.394297267254049	1.8163257563189152e-20	19	38	3.784860557768925	0.4415011037527593	30	47	8.870600414078675	7.793137378724024e-11	C:\Users\Yusen Zhang\Downloads\baseline_like_overlap_three_class_summary.tsv	event_region	0.14214711729622267	0.036187267657992565	3.928097546343129	1.9738307565054847	10.530088314107347	3.91422733503286	19.740806258521783
both	RBP	eCLIP	HepG2	PTBP1	PTBP1	ENCSR384KAN	ENCFF726SQU	/rhome/yzhan677/bigdata/eCLIP_HepG2/PTBP1/PTBP1_HepG2_ENCSR384KAN_ENCFF726SQU_GRCh38_rep1-2.narrowPeak.bed	yes	502	8607	46	727	9.163346613545816	8.446613221796213	88	1537	1.0934144163710515	0.564101780310861	16	69	3.187250996015936	0.801673056814221	25	91	4.0737162283056	1.3048105634115109e-05	C:\Users\Yusen Zhang\Downloads\baseline_like_overlap_three_class_summary.tsv	event_region	0.09244532803180915	0.08451440520446096	1.093841077247853	0.12940314606348222	0.716733391749603	1.084854529611951	0.24864252963471462
both	RBP	eCLIP	HepG2	RBM5	RBM5	ENCSR489ABS	ENCFF927KRA	/rhome/yzhan677/bigdata/eCLIP_HepG2/RBM5/RBM5_HepG2_ENCSR489ABS_ENCFF927KRA_GRCh38_rep1-2.narrowPeak.bed	yes	502	8607	48	83	9.56175298804781	0.9643313581968164	63	106	10.858022397961893	1.1019415693779343e-27	28	8	5.577689243027888	0.0929476007900546	32	8	63.49472573839663	5.502860560545701e-29	C:\Users\Yusen Zhang\Downloads\baseline_like_overlap_three_class_summary.tsv	event_region	0.09642147117296222	0.009700278810408922	9.940072141998309	3.3132563224641722	8.597421629850993	9.91542264676235	26.95784143340575
both	RBP	eCLIP	HepG2	TIA1	TIA1	ENCSR623VEQ	ENCFF759KCD	/rhome/yzhan677/bigdata/eCLIP_HepG2/TIA1/TIA1_HepG2_ENCSR623VEQ_ENCFF759KCD_GRCh38_rep1-2.narrowPeak.bed	yes	502	8607	41	136	8.167330677290837	1.5801092134309282	64	276	5.539603802475437	1.3648294380298753e-15	19	9	3.784860557768925	0.1045660508888114	26	11	37.58040027605245	3.790081923635177e-18	C:\Users\Yusen Zhang\Downloads\baseline_like_overlap_three_class_summary.tsv	event_region	0.08250497017892644	0.015857342007434945	5.20295079340805	2.3793300631781693	6.587221463859908	5.168839348488399	14.8649216187703
both	RBP	eCLIP	HepG2	U2AF2	U2AF2	ENCSR202BFN	ENCFF721PWF	/rhome/yzhan677/bigdata/eCLIP_HepG2/U2AF2/U2AF2_HepG2_ENCSR202BFN_ENCFF721PWF_GRCh38_rep1-2.narrowPeak.bed	yes	502	8607	214	1467	42.62948207171315	17.044266294876266	464	2996	3.616507611906385	2.460168176932434e-38	133	334	26.49402390438247	3.88056233298478	211	381	8.927746133748762	1.8178576834191e-62	C:\Users\Yusen Zhang\Downloads\baseline_like_overlap_three_class_summary.tsv	event_region	0.426441351888668	0.17048094795539034	2.5014018106014677	1.322736822253228	25.585215776836883	2.5011039685837426	37.609035203540024
both	RBP	eCLIP	K562	CPEB4	CPEB4	ENCSR046JHH	ENCFF665BGJ	/rhome/yzhan677/bigdata/eCLIP_K562/CPEB4/CPEB4_K562_ENCSR046JHH_ENCFF665BGJ_GRCh38_rep1-2.narrowPeak.bed	yes	2645	5737	5	34	0.1890359168241966	0.5926442391493811	9	34	0.3176804812834224	0.0093908171421466	0	0	0.0	0.0	0	0		1.0	C:\Users\Yusen Zhang\Downloads\baseline_like_overlap_three_class_summary.tsv	event_region	0.0020786092214663643	0.0060125479261066575	0.34571187573257967	-1.5323579316508842	-0.4036083223251845	0.31897031024129885	2.0272966159463714
both	RBP	eCLIP	K562	FMR1	FMR1	ENCSR554UVB	ENCFF630KXK	/rhome/yzhan677/bigdata/eCLIP_K562/FMR1/FMR1_K562_ENCSR554UVB_ENCFF630KXK_GRCh38_rep1-2.narrowPeak.bed	yes	2645	5737	70	351	2.6465028355387523	6.118180233571553	156	2567	0.417138273448953	1.135804169557898e-12	10	34	0.3780718336483932	0.5926442391493811	14	41	0.6365665810916397	0.2552875099531843	C:\Users\Yusen Zhang\Downloads\baseline_like_overlap_three_class_summary.tsv	event_region	0.026643990929705215	0.061258278145695365	0.4349451492308635	-1.201094620183754	-3.4716773980328006	0.43256372556939665	11.94469654134664
both	RBP	eCLIP	K562	FXR2	FXR2	ENCSR767OEY	ENCFF111LMZ	/rhome/yzhan677/bigdata/eCLIP_K562/FXR2/FXR2_K562_ENCSR767OEY_ENCFF111LMZ_GRCh38_rep1-2.narrowPeak.bed	yes	2645	5737	87	305	3.289224952741021	5.316367439428273	202	2210	0.6057293736141196	2.865610084688852e-05	19	30	0.718336483931947	0.522921387484748	25	36	1.3764026402640264	0.2826198144359109	C:\Users\Yusen Zhang\Downloads\baseline_like_overlap_three_class_summary.tsv	event_region	0.03306878306878307	0.05324154757755315	0.6211085998320041	-0.6870825514964132	-2.027142486687252	0.6186978214385324	4.542782903118085
both	RBP	eCLIP	K562	HNRNPC	HNRNPC	ENCSR249ROI	ENCFF167CDB	/rhome/yzhan677/bigdata/eCLIP_K562/HNRNPC/HNRNPC_K562_ENCSR249ROI_ENCFF167CDB_GRCh38_rep1-2.narrowPeak.bed	yes	2645	5737	31	50	1.172022684310019	0.8715356458079135	40	53	1.348867635807192	0.1886639742814403	14	2	0.5293005671077505	0.0348614258323165	15	2	15.258456860509312	5.6835910895316015e-06	C:\Users\Yusen Zhang\Downloads\baseline_like_overlap_three_class_summary.tsv	event_region	0.011904761904761904	0.008800975949808295	1.3526638378123526	0.43580334723810926	0.30048703850210545	1.3447788279773158	0.7243110212154383
both	RBP	eCLIP	K562	HNRNPL	HNRNPL	ENCSR795CAI	ENCFF917CBK	/rhome/yzhan677/bigdata/eCLIP_K562/HNRNPL/HNRNPL_K562_ENCSR795CAI_ENCFF917CBK_GRCh38_rep1-2.narrowPeak.bed	yes	2645	5737	124	286	4.688090737240076	4.985183894021265	287	618	0.9374734745619316	0.5860422174344626	51	12	1.9281663516068053	0.2091685549938992	118	62	9.379818812644563	6.86127253224257e-16	C:\Users\Yusen Zhang\Downloads\baseline_like_overlap_three_class_summary.tsv	event_region	0.04705215419501134	0.04993028929940746	0.9423569311377838	-0.08565449019883621	-0.2970931567811892	0.9404047748093118	0.23207109705629794
both	RBP	eCLIP	K562	KHDRBS1	KHDRBS1	ENCSR628IDK	ENCFF027UTH	/rhome/yzhan677/bigdata/eCLIP_K562/KHDRBS1/KHDRBS1_K562_ENCSR628IDK_ENCFF027UTH_GRCh38_rep1-2.narrowPeak.bed	yes	2645	5737	56	69	2.117202268431002	1.2027191912149209	82	114	1.7767925616179936	0.0018293165451439	25	2	0.945179584120983	0.0348614258323165	34	2	27.361641221374047	4.752225914076523e-11	C:\Users\Yusen Zhang\Downloads\baseline_like_overlap_three_class_summary.tsv	event_region	0.021352985638699924	0.01211223422795399	1.7629270733073406	0.817972796181668	0.9144830772160812	1.7603462918824142	2.737711137654069
both	RBP	eCLIP	K562	PABPC4	PABPC4	ENCSR958FKZ	ENCFF452MJL	/rhome/yzhan677/bigdata/eCLIP_K562/PABPC4/PABPC4_K562_ENCSR958FKZ_ENCFF452MJL_GRCh38_rep1-2.narrowPeak.bed	yes	2645	5737	93	246	3.516068052930057	4.287955377374934	221	519	0.8134270586436272	0.1070710345694949	11	11	0.4158790170132325	0.1917378420777409	18	12	2.173880030372058	0.068905247120058	C:\Users\Yusen Zhang\Downloads\baseline_like_overlap_three_class_summary.tsv	event_region	0.035336356764928196	0.04295921924015336	0.8225558422602759	-0.281814470000287	-0.7718873244448772	0.8199870902300707	0.9703280009517242
both	RBP	eCLIP	K562	PTBP1	PTBP1	ENCSR981WKN	ENCFF907HNN	/rhome/yzhan677/bigdata/eCLIP_K562/PTBP1/PTBP1_K562_ENCSR981WKN_ENCFF907HNN_GRCh38_rep1-2.narrowPeak.bed	yes	2645	5737	256	539	9.678638941398866	9.395154261809308	636	1134	1.033406825190596	0.6884273805784269	118	27	4.46124763705104	0.4706292487362733	279	36	9.875272977766052	1.1373596427131996e-35	C:\Users\Yusen Zhang\Downloads\baseline_like_overlap_three_class_summary.tsv	event_region	0.09693877551020408	0.09402230742418961	1.0310188950464336	0.044070772609024554	0.2834846795895576	1.030173499198614	0.16214186496033142
both	RBP	eCLIP	K562	TIA1	TIA1	ENCSR057DWB	ENCFF918KMT	/rhome/yzhan677/bigdata/eCLIP_K562/TIA1/TIA1_K562_ENCSR057DWB_ENCFF918KMT_GRCh38_rep1-2.narrowPeak.bed	yes	2645	5737	255	428	9.640831758034029	7.4603451281157405	428	739	1.323461267743323	0.0008015387205594	122	19	4.612476370510397	0.3311835454070071	152	20	14.55234995932161	1.8135650681266505e-42	C:\Users\Yusen Zhang\Downloads\baseline_like_overlap_three_class_summary.tsv	event_region	0.09656084656084656	0.0746775880097595	1.2930364937366103	0.37076299331510904	2.1804866299182883	1.2922769111177854	3.0960754929990415
both	RBP	eCLIP	K562	U2AF2	U2AF2	ENCSR893RAV	ENCFF290DFO	/rhome/yzhan677/bigdata/eCLIP_K562/U2AF2/U2AF2_K562_ENCSR893RAV_ENCFF290DFO_GRCh38_rep1-2.narrowPeak.bed	yes	2645	5737	318	505	12.022684310018905	8.802510022659927	533	894	1.4158169061426984	6.462416604100411e-06	149	65	5.633270321361058	1.1329963395502876	207	67	5.209122287968442	8.885076682326288e-31	C:\Users\Yusen Zhang\Downloads\baseline_like_overlap_three_class_summary.tsv	event_region	0.12037037037037036	0.08809689787382363	1.3663406235117412	0.4503171868432734	3.2201742873589776	1.3658245522094743	5.189605048325498
both	TF	TF ChIP-seq	GM12878	EGR1	EGR1	ENCSR000BMQ	ENCFF637UJN	/rhome/yzhan677/bigdata/ChIP-seq_GM12878/EGR1/EGR1_GM12878_ENCSR000BMQ_ENCFF637UJN_GRCh38_rep1-2.narrowPeak.bed	yes	2995	6877	213	316	7.111853088480801	4.595026901265086	282	464	1.5896643431098654	6.479563365317952e-07	85	42	2.8380634390651087	0.6107314235858659	102	43	4.753518245786287	1.4047130509910984e-17	C:\Users\Yusen Zhang\Downloads\baseline_like_overlap_three_class_summary.tsv	event_region	0.07126168224299065	0.04601628380343123	1.5486188008445172	0.6309820622601888	2.516826187215715	1.5477282813127364	6.188454258700712
both	TF	TF ChIP-seq	GM12878	TCF3	TCF3	ENCSR000BQT	ENCFF700TAS	/rhome/yzhan677/bigdata/ChIP-seq_GM12878/TCF3/TCF3_GM12878_ENCSR000BQT_ENCFF700TAS_GRCh38_rep1-2.narrowPeak.bed	yes	2995	6877	195	465	6.51085141903172	6.761669332557801	256	642	0.9603225806451612	0.6614259061720393	80	62	2.671118530884808	0.9015559110077068	93	65	3.016654678249322	1.271037530516699e-10	C:\Users\Yusen Zhang\Downloads\baseline_like_overlap_three_class_summary.tsv	event_region	0.06525367156208278	0.06767955801104972	0.9641562900193457	-0.05266106818340142	-0.25081791352608107	0.9629059184662611	0.1795187990092104
both	TF	TF ChIP-seq	GM12878	ZEB1	ZEB1	ENCSR000BND	ENCFF204LCG	/rhome/yzhan677/bigdata/ChIP-seq_GM12878/ZEB1/ZEB1_GM12878_ENCSR000BND_ENCFF204LCG_GRCh38_rep1-2.narrowPeak.bed	yes	2995	6877	85	185	2.8380634390651087	2.6901265086520283	110	236	1.0565988669081452	0.6873394250319396	30	32	1.001669449081803	0.4653191798749455	34	33	2.16431281618887	0.0032383291670849	C:\Users\Yusen Zhang\Downloads\baseline_like_overlap_three_class_summary.tsv	event_region	0.028538050734312415	0.0269700494329747	1.058138614288953	0.0815286303331343	0.14793693041308043	1.0549925551595003	0.16282874472361983
both	TF	TF ChIP-seq	GM12878	ZNF24	ZNF24	ENCSR072PWP	ENCFF313HBL	/rhome/yzhan677/bigdata/ChIP-seq_GM12878/ZNF24/ZNF24_GM12878_ENCSR072PWP_ENCFF313HBL_GRCh38_rep1-2.narrowPeak.bed	yes	2995	6877	109	559	3.639398998330551	8.128544423440454	142	1033	0.4268723105932408	9.711775498021276e-18	45	86	1.5025041736227045	1.2505452959139158	48	89	1.204552621206149	0.338640534099254	C:\Users\Yusen Zhang\Downloads\baseline_like_overlap_three_class_summary.tsv	event_region	0.03654873164218959	0.08134632160511776	0.4492979021179267	-1.1542557693071807	-4.489145425109903	0.44773071398066544	17.012701365508672
both	TF	TF ChIP-seq	GM12878	ZNF384	ZNF384	ENCSR000DYP	ENCFF942MDT	/rhome/yzhan677/bigdata/ChIP-seq_GM12878/ZNF384/ZNF384_GM12878_ENCSR000DYP_ENCFF942MDT_GRCh38_rep1-2.narrowPeak.bed	yes	2995	6877	142	506	4.741235392320534	7.357859531772576	184	802	0.6266768632699232	8.604533879950069e-07	55	78	1.8363939899833053	1.1342155009451798	64	81	1.6306689342403629	0.0075674871244377	C:\Users\Yusen Zhang\Downloads\baseline_like_overlap_three_class_summary.tsv	event_region	0.047563417890520696	0.07364059319569642	0.6458858603178704	-0.6306488576809942	-2.6166241394520418	0.6443769919562907	6.065272651059669
both	TF	TF ChIP-seq	HepG2	BCL6	BCL6	ENCSR759BDG	ENCFF014UTU	/rhome/yzhan677/bigdata/ChIP-seq_HepG2/BCL6/BCL6_HepG2_ENCSR759BDG_ENCFF014UTU_GRCh38_rep1-2.narrowPeak.bed	yes	502	8607	64	1086	12.749003984063744	12.617636807249912	93	1997	1.011932692550266	0.9448650043394164	23	167	4.581673306772909	1.94028116649239	28	186	2.4267123373295165	0.0003203822060383	C:\Users\Yusen Zhang\Downloads\baseline_like_overlap_three_class_summary.tsv	event_region	0.12823061630218688	0.12621979553903345	1.0159311045828114	0.022802568993068272	0.13136717681383203	1.0104113931016265	0.024630235997024453
both	TF	TF ChIP-seq	HepG2	EGR1	EGR1	ENCSR026GSW	ENCFF603PUS	/rhome/yzhan677/bigdata/ChIP-seq_HepG2/EGR1/EGR1_HepG2_ENCSR026GSW_ENCFF603PUS_GRCh38_rep1-2.narrowPeak.bed	yes	502	8607	58	827	11.553784860557768	9.608458231671896	87	1565	1.2289072627645783	0.1623806311207281	25	178	4.9800796812749	2.068084117578715	34	222	2.4818622947730438	0.0001354688862528	C:\Users\Yusen Zhang\Downloads\baseline_like_overlap_three_class_summary.tsv	event_region	0.11630218687872763	0.09613150557620818	1.209823836437568	0.2747969906399216	1.945326628885871	1.202459810094567	0.789465774965848
both	TF	TF ChIP-seq	HepG2	ISX	ISX	ENCSR543BNN	ENCFF085ZKR	/rhome/yzhan677/bigdata/ChIP-seq_HepG2/ISX/ISX_HepG2_ENCSR543BNN_ENCFF085ZKR_GRCh38_rep1-2.narrowPeak.bed	yes	502	8607	10	131	1.99203187250996	1.5220169629371445	13	190	1.3150871966734934	0.354809427774857	3	13	0.5976095617529881	0.1510398512838387	5	14	3.974410359179898	0.0545326372145683	C:\Users\Yusen Zhang\Downloads\baseline_like_overlap_three_class_summary.tsv	event_region	0.020874751491053677	0.015276486988847584	1.3664628200379472	0.45044620623755494	0.47001490957281544	1.308810559289559	0.45000484888484554
both	TF	TF ChIP-seq	HepG2	SNAI1	SNAI1	ENCSR188EMJ	ENCFF179LFO	/rhome/yzhan677/bigdata/ChIP-seq_HepG2/SNAI1/SNAI1_HepG2_ENCSR188EMJ_ENCFF179LFO_GRCh38_rep1-2.narrowPeak.bed	yes	502	8607	31	324	6.175298804780876	3.764377831997211	54	484	1.6826098922701895	0.0119728782349829	17	64	3.386454183266932	0.7435808063204369	31	76	4.678833762886598	1.4593677428249904e-06	C:\Users\Yusen Zhang\Downloads\baseline_like_overlap_three_class_summary.tsv	event_region	0.06262425447316103	0.037697490706319704	1.6612313790600004	0.7322530282518749	2.410920972783665	1.6404566917515127	1.921801434279403
both	TF	TF ChIP-seq	HepG2	SOX13	SOX13	ENCSR041RCS	ENCFF360MIH	/rhome/yzhan677/bigdata/ChIP-seq_HepG2/SOX13/SOX13_HepG2_ENCSR041RCS_ENCFF360MIH_GRCh38_rep1-2.narrowPeak.bed	yes	502	8607	5	31	0.99601593625498	0.3601719530614616	6	47	2.783150515999221	0.0458114732594647	2	4	0.398406374501992	0.0464738003950273	2	4	8.603	0.0392126863846054	C:\Users\Yusen Zhang\Downloads\baseline_like_overlap_three_class_summary.tsv	event_region	0.010934393638170975	0.003659386617100372	2.9880400138849446	1.579199467888478	0.6358439831935183	2.7653900526924557	1.3390257414444438
both	TF	TF ChIP-seq	HepG2	SOX5	SOX5	ENCSR961WLZ	ENCFF703VBH	/rhome/yzhan677/bigdata/ChIP-seq_HepG2/SOX5/SOX5_HepG2_ENCSR961WLZ_ENCFF703VBH_GRCh38_rep1-2.narrowPeak.bed	yes	502	8607	53	1152	10.557768924302788	13.384454513767864	72	2235	0.763879222345954	0.0777037776158174	21	185	4.183266932270916	2.149413268270013	25	208	1.987548463224139	0.0075839146207369	C:\Users\Yusen Zhang\Downloads\baseline_like_overlap_three_class_summary.tsv	event_region	0.10636182902584493	0.13388708178438663	0.7944144245158118	-0.3320362761644564	-2.8266855894650753	0.7888083084329349	1.1095578671987734
both	TF	TF ChIP-seq	HepG2	SOX6	SOX6	ENCSR766TSU	ENCFF863JMY	/rhome/yzhan677/bigdata/ChIP-seq_HepG2/SOX6/SOX6_HepG2_ENCSR766TSU_ENCFF863JMY_GRCh38_rep1-2.narrowPeak.bed	yes	502	8607	66	1337	13.147410358565736	15.533867782037875	89	2852	0.8231148744622014	0.1616779927638378	20	278	3.98406374501992	3.229929127454398	29	349	1.2431714379533718	0.3644669519917304	C:\Users\Yusen Zhang\Downloads\baseline_like_overlap_three_class_summary.tsv	event_region	0.13220675944333996	0.15537871747211895	0.8508678768510433	-0.232992967923585	-2.386457423472139	0.84637068777992	0.7913490912357038
both	TF	TF ChIP-seq	HepG2	SRY	SRY	ENCSR308LFD	ENCFF862WTX	/rhome/yzhan677/bigdata/ChIP-seq_HepG2/SRY/SRY_HepG2_ENCSR308LFD_ENCFF862WTX_GRCh38_rep1-2.narrowPeak.bed	yes	502	8607	41	365	8.167330677290837	4.240734286046242	53	548	2.0082726651412948	0.0001359274897194	20	81	3.98406374501992	0.9410944579993028	25	101	4.367604118641463	4.6942467461204514e-07	C:\Users\Yusen Zhang\Downloads\baseline_like_overlap_three_class_summary.tsv	event_region	0.08250497017892644	0.04246050185873606	1.9430992703151815	0.9583596081455845	3.926596391244595	1.925923702450472	3.866692703487228
both	TF	TF ChIP-seq	HepG2	TCF3	TCF3	ENCSR911MML	ENCFF902EKZ	/rhome/yzhan677/bigdata/ChIP-seq_HepG2/TCF3/TCF3_HepG2_ENCSR911MML_ENCFF902EKZ_GRCh38_rep1-2.narrowPeak.bed	yes	502	8607	18	150	3.5856573705179287	1.742767514813524	19	176	2.096776859504132	0.0058329311625286	6	14	1.195219123505976	0.1626583013825955	7	14	7.4248271889400925	0.0005426651502649	C:\Users\Yusen Zhang\Downloads\baseline_like_overlap_three_class_summary.tsv	event_region	0.036779324055666	0.017483736059479553	2.1036307074496543	1.0728814616203448	1.8428898557044047	2.0574501992031875	2.2341131488760677
both	TF	TF ChIP-seq	HepG2	ZEB1	ZEB1	ENCSR000BVN	ENCFF060IPX	/rhome/yzhan677/bigdata/ChIP-seq_HepG2/ZEB1/ZEB1_HepG2_ENCSR000BVN_ENCFF060IPX_GRCh38_rep1-2.narrowPeak.bed	yes	502	8607	26	405	5.179282868525896	4.705472289996514	37	548	1.1061935885465295	0.5891471948632484	14	69	2.788844621513944	0.801673056814221	20	81	3.549893086243763	0.0001563636682303	C:\Users\Yusen Zhang\Downloads\baseline_like_overlap_three_class_summary.tsv	event_region	0.05268389662027833	0.047107342007434945	1.1183797339268948	0.16141012309702318	0.473810578529382	1.1006935222074665	0.22977618580635117
both	TF	TF ChIP-seq	HepG2	ZKSCAN5	ZKSCAN5	ENCSR159BTO	ENCFF669MLA	/rhome/yzhan677/bigdata/ChIP-seq_HepG2/ZKSCAN5/ZKSCAN5_HepG2_ENCSR159BTO_ENCFF669MLA_GRCh38_rep1-2.narrowPeak.bed	yes	502	8607	22	194	4.382470119521913	2.253979319158824	25	259	1.9876073883161511	0.0057407728363027	11	29	2.1912350597609564	0.336935052863948	13	34	6.626729405154856	6.852743462862578e-06	C:\Users\Yusen Zhang\Downloads\baseline_like_overlap_three_class_summary.tsv	event_region	0.04473161033797217	0.02259526022304833	1.979689983492362	0.9852745240945798	2.128490800363089	1.9443257896250055	2.241029637924598
both	TF	TF ChIP-seq	HepG2	ZNF225	ZNF225	ENCSR075PWK	ENCFF186RPU	/rhome/yzhan677/bigdata/ChIP-seq_HepG2/ZNF225/ZNF225_HepG2_ENCSR075PWK_ENCFF186RPU_GRCh38_rep1-2.narrowPeak.bed	yes	502	8607	37	346	7.370517928286853	4.019983734169862	57	565	1.8997886754925728	0.0007980260324263	14	87	2.788844621513944	1.0108051585918438	24	101	2.8094968908988127	0.0012209045384026	C:\Users\Yusen Zhang\Downloads\baseline_like_overlap_three_class_summary.tsv	event_region	0.07455268389662027	0.04025325278810409	1.8520909176972793	0.889154921109764	3.3505341941169915	1.833469589848698	3.0979829412875057
both	TF	TF ChIP-seq	HepG2	ZNF235	ZNF235	ENCSR924KZA	ENCFF321MWB	/rhome/yzhan677/bigdata/ChIP-seq_HepG2/ZNF235/ZNF235_HepG2_ENCSR924KZA_ENCFF321MWB_GRCh38_rep1-2.narrowPeak.bed	yes	502	8607	28	269	5.577689243027888	3.1253630765655864	40	406	1.8310040311828464	0.0060073729476114	14	42	2.788844621513944	0.4879749041477867	16	55	5.850409836065574	1.354734311739258e-06	C:\Users\Yusen Zhang\Downloads\baseline_like_overlap_three_class_summary.tsv	event_region	0.05666003976143141	0.031308085501858735	1.8097574110070562	0.8557963241633334	2.4523261664623015	1.7846532087264322	2.2213154054986393
both	TF	TF ChIP-seq	HepG2	ZNF24	ZNF24	ENCSR362NWP	ENCFF904QAD	/rhome/yzhan677/bigdata/ChIP-seq_HepG2/ZNF24/ZNF24_HepG2_ENCSR362NWP_ENCFF904QAD_GRCh38_rep1-2.narrowPeak.bed	yes	502	8607	13	213	2.589641434262948	2.474729871035204	15	279	1.047668423629713	0.8821184560396227	7	19	1.394422310756972	0.2207505518763796	9	21	6.391919191919192	0.0003889646713917	C:\Users\Yusen Zhang\Downloads\baseline_like_overlap_three_class_summary.tsv	event_region	0.0268389662027833	0.024802509293680296	1.0821068902742794	0.11384301529407527	0.1149115632277442	1.0464339823803377	0.054473091342050334
both	TF	TF ChIP-seq	HepG2	ZNF281	ZNF281	ENCSR403MJY	ENCFF964FPZ	/rhome/yzhan677/bigdata/ChIP-seq_HepG2/ZNF281/ZNF281_HepG2_ENCSR403MJY_ENCFF964FPZ_GRCh38_rep1-2.narrowPeak.bed	yes	502	8607	41	635	8.167330677290837	7.377715812710585	52	967	1.1165456812475447	0.4841384460606149	14	91	2.788844621513944	1.0572789589868712	16	98	2.6847414880201765	0.0017851451892551	C:\Users\Yusen Zhang\Downloads\baseline_like_overlap_three_class_summary.tsv	event_region	0.08250497017892644	0.07382667286245354	1.1175496196698642	0.1603388890930627	0.7896148645802512	1.1070270100699562	0.3150304281027651
both	TF	TF ChIP-seq	HepG2	ZNF384	ZNF384	ENCSR101FJU	ENCFF950VAR	/rhome/yzhan677/bigdata/ChIP-seq_HepG2/ZNF384/ZNF384_HepG2_ENCSR101FJU_ENCFF950VAR_GRCh38_rep1-2.narrowPeak.bed	yes	502	8607	30	639	5.9760956175298805	7.424189613105611	41	850	0.7925519216996897	0.2525748090742052	7	64	1.394422310756972	0.7435808063204369	11	67	1.887657828282828	0.1126195496847701	C:\Users\Yusen Zhang\Downloads\baseline_like_overlap_three_class_summary.tsv	event_region	0.06063618290258449	0.07429135687732343	0.816194311845891	-0.2930154385676538	-1.4480939955757304	0.8049492172156446	0.5976099666295446
both	TF	TF ChIP-seq	HepG2	ZNF468	ZNF468	ENCSR613YQN	ENCFF702UDA	/rhome/yzhan677/bigdata/ChIP-seq_HepG2/ZNF468/ZNF468_HepG2_ENCSR613YQN_ENCFF702UDA_GRCh38_rep1-2.narrowPeak.bed	yes	502	8607	15	146	2.98804780876494	1.6962937144184966	18	226	1.7849708868948837	0.0517706062544454	6	33	1.195219123505976	0.3834088532589752	7	35	3.1429618768328447	0.0188263692712179	C:\Users\Yusen Zhang\Downloads\baseline_like_overlap_three_class_summary.tsv	event_region	0.030815109343936383	0.017019052044609666	1.8106243087549787	0.8564872287157245	1.2917540943464432	1.7615155815095778	1.2859167492267856
both	TF	TF ChIP-seq	HepG2	ZNF619	ZNF619	ENCSR613RDS	ENCFF898ZHK	/rhome/yzhan677/bigdata/ChIP-seq_HepG2/ZNF619/ZNF619_HepG2_ENCSR613RDS_ENCFF898ZHK_GRCh38_rep1-2.narrowPeak.bed	yes	502	8607	38	306	7.569721115537849	3.555245730219589	52	445	2.2216446923597024	3.337333149405312e-05	16	52	3.187250996015936	0.6041594051353549	21	64	5.416270971826528	5.823513356961427e-07	C:\Users\Yusen Zhang\Downloads\baseline_like_overlap_three_class_summary.tsv	event_region	0.07654075546719682	0.035606412639405206	2.149634006726363	1.104091049755217	4.01447538531826	2.1291695961253025	4.4766004377184325
both	TF	TF ChIP-seq	HepG2	ZNF740	ZNF740	ENCSR755ZAY	ENCFF854KWX	/rhome/yzhan677/bigdata/ChIP-seq_HepG2/ZNF740/ZNF740_HepG2_ENCSR755ZAY_ENCFF854KWX_GRCh38_rep1-2.narrowPeak.bed	yes	502	8607	36	340	7.171314741035857	3.9502730335773206	47	439	1.878389295632416	0.0010995294866731	8	62	1.593625498007968	0.7203439061229232	12	70	2.2319446258325715	0.056438596741613	C:\Users\Yusen Zhang\Downloads\baseline_like_overlap_three_class_summary.tsv	event_region	0.07256461232604373	0.03955622676579926	1.8344674975112611	0.8753613436190429	3.2210417074585367	1.8153972345910478	2.9587931194385213
both	TF	TF ChIP-seq	HepG2	ZNF768	ZNF768	ENCSR181ABP	ENCFF079KQG	/rhome/yzhan677/bigdata/ChIP-seq_HepG2/ZNF768/ZNF768_HepG2_ENCSR181ABP_ENCFF079KQG_GRCh38_rep1-2.narrowPeak.bed	yes	502	8607	65	838	12.94820717131474	9.73626118275822	84	1420	1.3789642987826525	0.0254881721923941	29	183	5.776892430278884	2.1261763680724988	33	212	2.8223061726683536	4.832042981532185e-06	C:\Users\Yusen Zhang\Downloads\baseline_like_overlap_three_class_summary.tsv	event_region	0.13021868787276342	0.09740938661710037	1.336818682419496	0.418803800724201	3.2119459885565202	1.3298952162709543	1.5936613075365886
both	TF	TF ChIP-seq	HepG2	ZSCAN9	ZSCAN9	ENCSR712FAM	ENCFF673YDK	/rhome/yzhan677/bigdata/ChIP-seq_HepG2/ZSCAN9/ZSCAN9_HepG2_ENCSR712FAM_ENCFF673YDK_GRCh38_rep1-2.narrowPeak.bed	yes	502	8607	35	556	6.97211155378486	6.459858254908796	45	852	1.085241014896862	0.6409231450502908	13	102	2.589641434262948	1.1850819100731962	14	112	2.216708769397329	0.0118947610010375	C:\Users\Yusen Zhang\Downloads\baseline_like_overlap_three_class_summary.tsv	event_region	0.0705765407554672	0.06464916356877323	1.091685288091755	0.1265570149138196	0.5122532988760637	1.079297916248674	0.19319404486759884
both	TF	TF ChIP-seq	K562	ARID3B	ARID3B	ENCSR360UHC	ENCFF270TSN	/rhome/yzhan677/bigdata/ChIP-seq_K562/ARID3B/ARID3B_K562_ENCSR360UHC_ENCFF270TSN_GRCh38_rep1-2.narrowPeak.bed	yes	2645	5737	28	40	1.058601134215501	0.6972285166463308	39	44	1.5238440962934658	0.0897052892899019	6	9	0.2268431001890359	0.1568764162454244	9	9	1.4470127573575848	0.5786733828918638	C:\Users\Yusen Zhang\Downloads\baseline_like_overlap_three_class_summary.tsv	event_region	0.010770975056689343	0.007058208434994772	1.52602110803169	0.6097749177701046	0.3613726175691703	1.5182986767485824	1.0471819489102663
both	TF	TF ChIP-seq	K562	BCL6	BCL6	ENCSR802AHH	ENCFF941EDY	/rhome/yzhan677/bigdata/ChIP-seq_K562/BCL6/BCL6_K562_ENCSR802AHH_ENCFF941EDY_GRCh38_rep1-2.narrowPeak.bed	yes	2645	5737	27	80	1.0207939508506616	1.3944570332926616	30	92	0.7292733002291826	0.1739020318516652	7	4	0.2646502835538752	0.069722851664633	9	4	3.803165276724792	0.0439517523508446	C:\Users\Yusen Zhang\Downloads\baseline_like_overlap_three_class_summary.tsv	event_region	0.010393046107331822	0.014029278494248867	0.7408111622840993	-0.43282225809996977	-0.37366308244199997	0.7320368620037807	0.7596953437200525
both	TF	TF ChIP-seq	K562	E2F7	E2F7	ENCSR171CAY	ENCFF013EHI	/rhome/yzhan677/bigdata/ChIP-seq_K562/E2F7/E2F7_K562_ENCSR171CAY_ENCFF013EHI_GRCh38_rep1-2.narrowPeak.bed	yes	2645	5737	29	67	1.0964083175803403	1.167857765382604	31	79	0.9381418595097905	0.8258525994203725	13	7	0.4914933837429111	0.1220149904131079	13	8	4.043095961788971	0.0026266595055631	C:\Users\Yusen Zhang\Downloads\baseline_like_overlap_three_class_summary.tsv	event_region	0.011148904006046864	0.011763680724991286	0.9477394249881023	-0.07743764119900196	-0.07144944780226381	0.9388200773072257	0.08309745990823364
both	TF	TF ChIP-seq	K562	EGR1	EGR1	ENCSR024CNP	ENCFF175VSS	/rhome/yzhan677/bigdata/ChIP-seq_K562/EGR1/EGR1_K562_ENCSR024CNP_ENCFF175VSS_GRCh38_rep1-2.narrowPeak.bed	yes	2645	5737	342	678	12.930056710775048	11.818023357155308	455	1014	1.1080698896014818	0.150553681314465	134	131	5.066162570888469	2.2834233920167333	148	140	2.283704372516652	6.631603370746041e-11	C:\Users\Yusen Zhang\Downloads\baseline_like_overlap_three_class_summary.tsv	event_region	0.12944066515495087	0.11824677588009759	1.0946654924968433	0.13049007891902276	1.11203335361974	1.0940963915887383	0.8223086207223833
both	TF	TF ChIP-seq	K562	NR4A1	NR4A1	ENCSR692RET	ENCFF137TCL	/rhome/yzhan677/bigdata/ChIP-seq_K562/NR4A1/NR4A1_K562_ENCSR692RET_ENCFF137TCL_GRCh38_rep1-2.narrowPeak.bed	yes	2645	5737	66	92	2.495274102079395	1.6036255882865609	82	142	1.5702496754724615	0.0071707868936173	20	13	0.7561436672967864	0.2265992679100575	23	14	3.3547252747252747	0.0005920974195353	C:\Users\Yusen Zhang\Downloads\baseline_like_overlap_three_class_summary.tsv	event_region	0.02513227513227513	0.016120599512025095	1.559016159016159	0.6406358814748652	0.891648513792834	1.5560203830032053	2.144433183968969
both	TF	TF ChIP-seq	K562	SOX6	SOX6	ENCSR788RSW	ENCFF431STY	/rhome/yzhan677/bigdata/ChIP-seq_K562/SOX6/SOX6_K562_ENCSR788RSW_ENCFF431STY_GRCh38_rep1-2.narrowPeak.bed	yes	2645	5737	309	751	11.682419659735348	13.090465400034862	472	1393	0.878209191397771	0.0714796766038133	124	114	4.688090737240076	1.987101272442043	151	126	2.4261188472967423	3.610523990001873e-11	C:\Users\Yusen Zhang\Downloads\baseline_like_overlap_three_class_summary.tsv	event_region	0.11696900982615269	0.13096897873823632	0.8931046951197127	-0.16309878821211232	-1.4080457402995137	0.8924373047656683	1.1458174210446401
both	TF	TF ChIP-seq	K562	TCF3	TCF3	ENCSR970OJY	ENCFF773RNU	/rhome/yzhan677/bigdata/ChIP-seq_K562/TCF3/TCF3_K562_ENCSR970OJY_ENCFF773RNU_GRCh38_rep1-2.narrowPeak.bed	yes	2645	5737	305	914	11.531190926275992	15.931671605368662	412	1518	0.687788718696815	7.633875484637336e-08	114	151	4.310018903591682	2.632037650339899	132	161	1.6662366784324705	6.944897101423953e-05	C:\Users\Yusen Zhang\Downloads\baseline_like_overlap_three_class_summary.tsv	event_region	0.1154572940287226	0.15937608922969676	0.7244329722655115	-0.4650758834399993	-4.40048067909267	0.7237903976372577	7.1172549280620485
both	TF	TF ChIP-seq	K562	ZEB2	ZEB2	ENCSR004GKA	ENCFF242AOL	/rhome/yzhan677/bigdata/ChIP-seq_K562/ZEB2/ZEB2_K562_ENCSR004GKA_ENCFF242AOL_GRCh38_rep1-2.narrowPeak.bed	yes	2645	5737	235	579	8.88468809073724	10.092382778455638	347	1018	0.868667540974208	0.0878616336800758	95	106	3.5916824196597354	1.8476555691127767	116	117	1.9790788013318532	3.2652630581853794e-06	C:\Users\Yusen Zhang\Downloads\baseline_like_overlap_three_class_summary.tsv	event_region	0.08900226757369614	0.10099337748344371	0.8812683543362699	-0.1823466949037011	-1.2076946877183978	0.8803360203205449	1.056200725818639
both	TF	TF ChIP-seq	K562	ZNF24	ZNF24	ENCSR695EQB	ENCFF260CBQ	/rhome/yzhan677/bigdata/ChIP-seq_K562/ZNF24/ZNF24_K562_ENCSR695EQB_ENCFF260CBQ_GRCh38_rep1-2.narrowPeak.bed	yes	2645	5737	241	568	9.111531190926277	9.900644936377898	330	987	0.912306513791568	0.2652685961242445	95	75	3.5916824196597354	1.3073034687118703	114	95	2.812496732026144	4.9174269879502325e-11	C:\Users\Yusen Zhang\Downloads\baseline_like_overlap_three_class_summary.tsv	event_region	0.09126984126984126	0.09907633321714883	0.9212072985160056	-0.11840225356648718	-0.7891137454516208	0.92029673313986	0.5763141610135968
both	TF	TF ChIP-seq	K562	ZNF281	ZNF281	ENCSR214EKV	ENCFF648ORA	/rhome/yzhan677/bigdata/ChIP-seq_K562/ZNF281/ZNF281_K562_ENCSR214EKV_ENCFF648ORA_GRCh38_rep1-2.narrowPeak.bed	yes	2645	5737	328	739	12.400756143667296	12.881296845040962	539	1421	0.9574136683441736	0.5491056306819996	134	135	5.066162570888469	2.3531462436813664	178	155	2.214457866867265	3.318425965054681e-10	C:\Users\Yusen Zhang\Downloads\baseline_like_overlap_three_class_summary.tsv	event_region	0.12414965986394558	0.1288776577204601	0.9633140612566866	-0.053921870286750426	-0.4805407013736662	0.9626946954833461	0.2603441028912716
both	TF	TF ChIP-seq	K562	ZNF384	ZNF384	ENCSR000EFP	ENCFF106YXG	/rhome/yzhan677/bigdata/ChIP-seq_K562/ZNF384/ZNF384_K562_ENCSR000EFP_ENCFF106YXG_GRCh38_rep1-2.narrowPeak.bed	yes	2645	5737	169	538	6.389413988657846	9.37772354889315	228	775	0.6595893064121889	3.1690446791243856e-06	61	66	2.3062381852551983	1.1504270524664455	71	76	2.028397363730181	0.0001034032614346	C:\Users\Yusen Zhang\Downloads\baseline_like_overlap_three_class_summary.tsv	event_region	0.06405895691609978	0.09384803067270826	0.6825817916148199	-0.5509261649178759	-2.9883095602353036	0.6813395548871759	5.499071637818096
both	TF	TF ChIP-seq	K562	ZNF436	ZNF436	ENCSR335SUD	ENCFF318ZUN	/rhome/yzhan677/bigdata/ChIP-seq_K562/ZNF436/ZNF436_K562_ENCSR335SUD_ENCFF318ZUN_GRCh38_rep1-2.narrowPeak.bed	yes	2645	5737	32	46	1.2098298676748582	0.8018127941432804	43	47	1.515100084859981	0.0857814282462809	16	8	0.6049149338374291	0.1394457033292661	18	8	4.358311144922023	0.0005342219029406	C:\Users\Yusen Zhang\Downloads\baseline_like_overlap_three_class_summary.tsv	event_region	0.012282690854119425	0.008103868943882885	1.5156576370094037	0.5999439084104109	0.4080170735315778	1.5088682501849264	1.0666067271070319
both	TF	TF ChIP-seq	K562	ZNF444	ZNF444	ENCSR164RIC	ENCFF295XCB	/rhome/yzhan677/bigdata/ChIP-seq_K562/ZNF444/ZNF444_K562_ENCSR164RIC_ENCFF295XCB_GRCh38_rep1-2.narrowPeak.bed	yes	2645	5737	37	91	1.3988657844990549	1.5861948753704027	44	116	0.8802248365131801	0.5658297321716724	16	7	0.6049149338374291	0.1220149904131079	18	7	4.981796446231592	0.0003608297049966	C:\Users\Yusen Zhang\Downloads\baseline_like_overlap_three_class_summary.tsv	event_region	0.01417233560090703	0.015946322760543745	0.8887525866448582	-0.17014624129817407	-0.18732909087134786	0.881900330293525	0.24731423577822406
both	TF	TF ChIP-seq	K562	ZNF740	ZNF740	ENCSR427XYP	ENCFF959SMC	/rhome/yzhan677/bigdata/ChIP-seq_K562/ZNF740/ZNF740_K562_ENCSR427XYP_ENCFF959SMC_GRCh38_rep1-2.narrowPeak.bed	yes	2645	5737	191	249	7.221172022684311	4.3402475161234095	253	376	1.7154322260517212	8.832362841359154e-08	91	46	3.440453686200378	0.8018127941432804	102	58	4.408098123999864	4.4253357718578076e-17	C:\Users\Yusen Zhang\Downloads\baseline_like_overlap_three_class_summary.tsv	event_region	0.07237339380196522	0.04348204949459742	1.6644430205838736	0.7350394830776841	2.880924506560901	1.6637696343028068	7.053923098042947
negative_only	RBP	eCLIP	HepG2	MATR3	MATR3	ENCSR290VLT	ENCFF587KKM	/rhome/yzhan677/bigdata/eCLIP_HepG2/MATR3/MATR3_HepG2_ENCSR290VLT_ENCFF587KKM_GRCh38_rep1-2.narrowPeak.bed	yes	502	8607	13	301	2.589641434262948	3.4971534797258044	42	1127	0.7336010163803002	0.3154489660860322	2	4	0.398406374501992	0.0464738003950273	4	4	8.603	0.0392126863846054	C:\Users\Yusen Zhang\Downloads\baseline_like_overlap_three_class_summary.tsv	event_region	0.0268389662027833	0.03502555762081784	0.7662680632622177	-0.38407891698551916	-0.9075120454628562	0.7404997948405713	0.5010708916971064
negative_only	RBP	eCLIP	HepG2	SRSF7	SRSF7	ENCSR513NDD	ENCFF317HGW	/rhome/yzhan677/bigdata/eCLIP_HepG2/SRSF7/SRSF7_HepG2_ENCSR513NDD_ENCFF317HGW_GRCh38_rep1-2.narrowPeak.bed	yes	502	8607	28	38	5.577689243027888	0.4415011037527593	29	55	13.320675105485233	1.3139097272061862e-18	8	2	1.593625498007968	0.0232369001975136	8	2	69.67611336032388	3.2894675751490884e-09	C:\Users\Yusen Zhang\Downloads\baseline_like_overlap_three_class_summary.tsv	event_region	0.05666003976143141	0.004472583643122676	12.668301877049393	3.6631512462209375	5.136188139275129	12.633466135458168	17.88143447216055
negative_only	RBP	eCLIP	HepG2	CSDA	YBX3	ENCSR735HOK	ENCFF185OEI	/rhome/yzhan677/bigdata/eCLIP_HepG2/YBX3/YBX3_HepG2_ENCSR735HOK_ENCFF185OEI_GRCh38_rep1-2.narrowPeak.bed	yes	502	8607	4	159	0.796812749003984	1.8473335657023355	18	437	0.4267636584072137	0.1149942700112373	1	11	0.199203187250996	0.127802951086325	1	12	1.5597895118853202	0.4937214582201721	C:\Users\Yusen Zhang\Downloads\baseline_like_overlap_three_class_summary.tsv	event_region	0.008946322067594433	0.018529275092936802	0.48282094268246323	-1.05043983957146	-1.0505208166983515	0.43133127865894905	0.939323799337685
negative_only	RBP	eCLIP	K562	MATR3	MATR3	ENCSR440SUX	ENCFF246EPM	/rhome/yzhan677/bigdata/eCLIP_K562/MATR3/MATR3_K562_ENCSR440SUX_ENCFF246EPM_GRCh38_rep1-2.narrowPeak.bed	yes	2645	5737	142	219	5.368620037807183	3.8173261286386615	437	470	1.4294371867913755	0.0014277522946697	68	5	2.570888468809074	0.0871535645807913	209	7	30.25036864571207	1.1574246732272394e-28	C:\Users\Yusen Zhang\Downloads\baseline_like_overlap_three_class_summary.tsv	event_region	0.053854875283446714	0.03825374695015685	1.4078326850861833	0.4934758860067335	1.5512939091685216	1.4063823359314982	2.845347133168733
negative_only	RBP	eCLIP	K562	SRSF7	SRSF7	ENCSR468FSW	ENCFF780OCY	/rhome/yzhan677/bigdata/eCLIP_K562/SRSF7/SRSF7_K562_ENCSR468FSW_ENCFF780OCY_GRCh38_rep1-2.narrowPeak.bed	yes	2645	5737	45	59	1.7013232514177694	1.028412062053338	61	66	1.665645371577575	0.0141315576888594	20	5	0.7561436672967864	0.0871535645807913	30	5	8.73447619047619	8.237749831712942e-07	C:\Users\Yusen Zhang\Downloads\baseline_like_overlap_three_class_summary.tsv	event_region	0.017195767195767195	0.010369466713140468	1.6583077675514648	0.7297117833807402	0.6729111893644315	1.6543205920989397	1.8498099642384538
negative_only	RBP	eCLIP	K562	CSDA	YBX3	ENCSR529FKI	ENCFF746XLE	/rhome/yzhan677/bigdata/eCLIP_K562/YBX3/YBX3_K562_ENCSR529FKI_ENCFF746XLE_GRCh38_rep1-2.narrowPeak.bed	yes	2645	5737	263	1361	9.94328922495274	23.723200278891408	615	4370	0.3550039452148769	2.0645285178268573e-54	35	126	1.3232514177693762	2.196269827435942	71	151	0.5971690080885483	0.006079667696198	C:\Users\Yusen Zhang\Downloads\baseline_like_overlap_three_class_summary.tsv	event_region	0.09958427815570672	0.23727779714186129	0.4196948865644107	-1.252587208916594	-13.779911053938669	0.41913776843169626	53.68517911373416
negative_only	TF	TF ChIP-seq	GM12878	ATF2	ATF2	ENCSR961PPA	ENCFF210HTZ	/rhome/yzhan677/bigdata/ChIP-seq_GM12878/ATF2/ATF2_GM12878_ENCSR961PPA_ENCFF210HTZ_GRCh38_rep1-2.narrowPeak.bed	yes	2995	6877	92	615	3.0717863105175294	8.942852988221608	99	867	0.3226849712520549	6.692721490621031e-29	41	105	1.3689482470784642	1.5268285589646649	42	110	0.8951607183157623	0.5872387388520515	C:\Users\Yusen Zhang\Downloads\baseline_like_overlap_three_class_summary.tsv	event_region	0.030874499332443257	0.08948822332073277	0.34501187068813116	-1.5352820939001053	-5.8710666777040785	0.3434906415842122	28.17439724725156
negative_only	TF	TF ChIP-seq	GM12878	ATF7	ATF7	ENCSR014YCR	ENCFF277FJJ	/rhome/yzhan677/bigdata/ChIP-seq_GM12878/ATF7/ATF7_GM12878_ENCSR014YCR_ENCFF277FJJ_GRCh38_rep1-2.narrowPeak.bed	yes	2995	6877	287	970	9.582637729549248	14.104987639959283	437	2216	0.6453992751526596	2.631613157677276e-10	138	206	4.607679465776294	2.995492220444961	169	253	1.56420102558526	9.835859951611184e-05	C:\Users\Yusen Zhang\Downloads\baseline_like_overlap_three_class_summary.tsv	event_region	0.09596128170894526	0.14110206455364932	0.6800841788708145	-0.5562147648138864	-4.5223499104100355	0.6793793780011359	9.57977795086113
negative_only	TF	TF ChIP-seq	GM12878	CREB1	CREB1	ENCSR000BUF	ENCFF053UZX	/rhome/yzhan677/bigdata/ChIP-seq_GM12878/CREB1/CREB1_GM12878_ENCSR000BUF_ENCFF053UZX_GRCh38_rep1-2.narrowPeak.bed	yes	2995	6877	240	692	8.013355592654424	10.062527264795696	325	1257	0.7786158639572821	0.0012761341251676	104	115	3.4724540901502503	1.6722408026755853	123	128	2.115254237288136	9.259036083483488e-08	C:\Users\Yusen Zhang\Downloads\baseline_like_overlap_three_class_summary.tsv	event_region	0.08027369826435247	0.1006833381797034	0.7972888038443557	-0.32682568509846877	-2.049171672141272	0.7963561620041109	2.894103677684638
negative_only	TF	TF ChIP-seq	GM12878	CREM	CREM	ENCSR839XZU	ENCFF091YID	/rhome/yzhan677/bigdata/ChIP-seq_GM12878/CREM/CREM_GM12878_ENCSR839XZU_ENCFF091YID_GRCh38_rep1-2.narrowPeak.bed	yes	2995	6877	274	767	9.148580968280468	11.153119092627598	392	1432	0.802172680781617	0.0027463188723612	125	132	4.173622704507513	1.9194416169841504	142	147	2.2255437651779117	5.621039658192736e-10	C:\Users\Yusen Zhang\Downloads\baseline_like_overlap_three_class_summary.tsv	event_region	0.09162216288384513	0.11158767083454492	0.8210778323323606	-0.2844091091843033	-2.00453812434713	0.8202710732576896	2.5612490386699336
negative_only	TF	TF ChIP-seq	GM12878	FOXK2	FOXK2	ENCSR861JUQ	ENCFF990MTR	/rhome/yzhan677/bigdata/ChIP-seq_GM12878/FOXK2/FOXK2_GM12878_ENCSR861JUQ_ENCFF990MTR_GRCh38_rep1-2.narrowPeak.bed	yes	2995	6877	55	122	1.8363939899833053	1.7740293732732295	61	132	1.0358118657298985	0.8689708376656343	25	25	0.8347245409015025	0.3635306092773011	25	27	2.3070707070707077	0.0048416057685112	C:\Users\Yusen Zhang\Downloads\baseline_like_overlap_three_class_summary.tsv	event_region	0.018524699599465955	0.017810410002907822	1.0401051742459333	0.05672941941557512	0.06236461671007576	1.0351542187799336	0.060994798066188606
negative_only	TF	TF ChIP-seq	GM12878	MAZ	MAZ	ENCSR903MVU	ENCFF618NGB	/rhome/yzhan677/bigdata/ChIP-seq_GM12878/MAZ/MAZ_GM12878_ENCSR903MVU_ENCFF618NGB_GRCh38_rep1-2.narrowPeak.bed	yes	2995	6877	199	369	6.64440734557596	5.365711792932966	327	779	1.255269820223238	0.014424435862677	111	79	3.706176961602671	1.1487567253162716	145	96	3.311934900542496	7.097963864091188e-16	C:\Users\Yusen Zhang\Downloads\baseline_like_overlap_three_class_summary.tsv	event_region	0.06658878504672897	0.053722012212852575	1.2395065319388412	0.3097658741442345	1.2786955526429944	1.2383086535372865	1.8409011630261194
negative_only	TF	TF ChIP-seq	GM12878	NFIC	NFIC	ENCSR000BRN	ENCFF480WDX	/rhome/yzhan677/bigdata/ChIP-seq_GM12878/NFIC/NFIC_GM12878_ENCSR000BRN_ENCFF480WDX_GRCh38_rep1-2.narrowPeak.bed	yes	2995	6877	250	909	8.347245409015025	13.21797295332267	399	2001	0.5979468620814723	1.3062069426843476e-12	115	166	3.8397328881469113	2.4138432456012797	160	219	1.614300953815261	0.0001291733807574	C:\Users\Yusen Zhang\Downloads\baseline_like_overlap_three_class_summary.tsv	event_region	0.08361148197596796	0.13223320732771154	0.632303213887529	-0.6613115423882382	-4.870727544307645	0.6315072241781774	11.883988012229306
negative_only	TF	TF ChIP-seq	GM12878	TBX21	TBX21	ENCSR739IHN	ENCFF971VHK	/rhome/yzhan677/bigdata/ChIP-seq_GM12878/TBX21/TBX21_GM12878_ENCSR739IHN_ENCFF971VHK_GRCh38_rep1-2.narrowPeak.bed	yes	2995	6877	322	1053	10.751252086811352	15.311909262759924	462	2593	0.6662694618798871	9.727486972696951e-10	169	209	5.6427378964941575	3.039115893558238	199	258	1.9079362176914976	2.208072079263016e-09	C:\Users\Yusen Zhang\Downloads\baseline_like_overlap_three_class_summary.tsv	event_region	0.10764352469959947	0.15316952602500727	0.7027737663823874	-0.5088677564386499	-4.560657175948572	0.7021496733238525	9.011999342142273
negative_only	TF	TF ChIP-seq	HepG2	ATF2	ATF2	ENCSR908HWZ	ENCFF522LHU	/rhome/yzhan677/bigdata/ChIP-seq_HepG2/ATF2/ATF2_HepG2_ENCSR908HWZ_ENCFF522LHU_GRCh38_rep1-2.narrowPeak.bed	yes	502	8607	47	646	9.362549800796812	7.505518763796909	58	1082	1.2729799612152553	0.1401584646447944	19	108	3.784860557768925	1.2547926106657372	23	122	3.095640671727628	6.190353247892388e-05	C:\Users\Yusen Zhang\Downloads\baseline_like_overlap_three_class_summary.tsv	event_region	0.09443339960238568	0.07510455390334572	1.2573591705759257	0.3303968212717906	1.8570310369999028	1.2474220764002812	0.8533806685956986
negative_only	TF	TF ChIP-seq	HepG2	ATF4	ATF4	ENCSR803PAI	ENCFF885VKD	/rhome/yzhan677/bigdata/ChIP-seq_HepG2/ATF4/ATF4_HepG2_ENCSR803PAI_ENCFF885VKD_GRCh38_rep1-2.narrowPeak.bed	yes	502	8607	13	180	2.589641434262948	2.0913210177762287	14	233	1.244614860259032	0.4243934447976872	9	27	1.7928286852589643	0.3136981526664343	9	31	5.801217038539554	0.0001078181828566	C:\Users\Yusen Zhang\Downloads\baseline_like_overlap_three_class_summary.tsv	event_region	0.0268389662027833	0.020968866171003717	1.2799436070557266	0.3560802480273947	0.49832041648671943	1.2382802124833996	0.3722313328531161
negative_only	TF	TF ChIP-seq	HepG2	ATF6	ATF6	ENCSR769CWW	ENCFF660KDQ	/rhome/yzhan677/bigdata/ChIP-seq_HepG2/ATF6/ATF6_HepG2_ENCSR769CWW_ENCFF660KDQ_GRCh38_rep1-2.narrowPeak.bed	yes	502	8607	17	142	3.386454183266932	1.6498199140234693	21	196	2.0895164803252504	0.007701123319675	11	17	2.1912350597609564	0.197513651678866	11	23	11.32023481490356	1.1653338882763023e-07	C:\Users\Yusen Zhang\Downloads\baseline_like_overlap_three_class_summary.tsv	event_region	0.03479125248508946	0.016554368029739776	2.10163579923965	1.0715126806439597	1.7366342692434626	2.052620503899893	2.113445922106161
negative_only	TF	TF ChIP-seq	HepG2	ATF7	ATF7	ENCSR516DDO	ENCFF894YFW	/rhome/yzhan677/bigdata/ChIP-seq_HepG2/ATF7/ATF7_HepG2_ENCSR516DDO_ENCFF894YFW_GRCh38_rep1-2.narrowPeak.bed	yes	502	8607	28	331	5.577689243027888	3.845706982688509	33	507	1.4769717133861078	0.0584764490879098	10	50	1.99203187250996	0.5809225049378414	11	59	3.4784552845528456	0.0014750059892717	C:\Users\Yusen Zhang\Downloads\baseline_like_overlap_three_class_summary.tsv	event_region	0.05666003976143141	0.03851068773234201	1.4712809118141827	0.5570727268032509	1.7319822603393789	1.4503677134362851	1.2330190072599754
negative_only	TF	TF ChIP-seq	HepG2	BORCS8-MEF2B	BORCS8-MEF2B	ENCSR238XDV	ENCFF610WQK	/rhome/yzhan677/bigdata/ChIP-seq_HepG2/BORCS8-MEF2B/BORCS8-MEF2B_HepG2_ENCSR238XDV_ENCFF610WQK_GRCh38_rep1-2.narrowPeak.bed	yes	502	8607	58	576	11.553784860557768	6.692227256883932	79	940	1.8213447822822824	0.0001311063815522	23	122	4.581673306772909	1.4174509120483327	30	136	3.3395222286868136	3.900501079883741e-06	C:\Users\Yusen Zhang\Downloads\baseline_like_overlap_three_class_summary.tsv	event_region	0.11630218687872763	0.06697258364312268	1.7365641364303337	0.7962356946827296	4.861557603673836	1.7264483731739706	3.8823761686802043
negative_only	TF	TF ChIP-seq	HepG2	CREB1	CREB1	ENCSR331ORD	ENCFF571FVN	/rhome/yzhan677/bigdata/ChIP-seq_HepG2/CREB1/CREB1_HepG2_ENCSR331ORD_ENCFF571FVN_GRCh38_rep1-2.narrowPeak.bed	yes	502	8607	33	656	6.573705179282868	7.621703264784478	45	1115	0.8528232097352957	0.4346436413404795	16	110	3.187250996015936	1.278029510863251	22	141	2.543060231949121	0.0022170102270219	C:\Users\Yusen Zhang\Downloads\baseline_like_overlap_three_class_summary.tsv	event_region	0.06660039761431412	0.07626626394052044	0.8732615729840304	-0.1955142376840173	-1.04799808550161	0.8624981780196287	0.3618666695437894
negative_only	TF	TF ChIP-seq	HepG2	CREB3	CREB3	ENCSR855XFL	ENCFF767ZRB	/rhome/yzhan677/bigdata/ChIP-seq_HepG2/CREB3/CREB3_HepG2_ENCSR855XFL_ENCFF767ZRB_GRCh38_rep1-2.narrowPeak.bed	yes	502	8607	13	181	2.589641434262948	2.102939467874985	17	230	1.2375916573455807	0.4264131628386816	6	33	1.195219123505976	0.3834088532589752	8	41	3.1429618768328447	0.0188263692712179	C:\Users\Yusen Zhang\Downloads\baseline_like_overlap_three_class_summary.tsv	event_region	0.0268389662027833	0.02108503717472119	1.2728915761628574	0.34810953691881474	0.48670196638796304	1.2314388853426077	0.3701693976494641
negative_only	TF	TF ChIP-seq	HepG2	CREBL2	CREBL2	ENCSR237OGW	ENCFF857BXY	/rhome/yzhan677/bigdata/ChIP-seq_HepG2/CREBL2/CREBL2_HepG2_ENCSR237OGW_ENCFF857BXY_GRCh38_rep1-2.narrowPeak.bed	yes	502	8607	22	154	4.382470119521913	1.7892413152085511	26	204	2.5157738095238096	0.0002992941873541	10	21	1.99203187250996	0.2439874520738933	13	24	8.310104529616725	3.6657732530113786e-06	C:\Users\Yusen Zhang\Downloads\baseline_like_overlap_three_class_summary.tsv	event_region	0.04473161033797217	0.017948420074349443	2.4922310795421647	1.3174378411763974	2.5932288043133616	2.44934547524189	3.523901717588652
negative_only	TF	TF ChIP-seq	HepG2	CREM	CREM	ENCSR799FCZ	ENCFF023EDF	/rhome/yzhan677/bigdata/ChIP-seq_HepG2/CREM/CREM_HepG2_ENCSR799FCZ_ENCFF023EDF_GRCh38_rep1-2.narrowPeak.bed	yes	502	8607	8	34	1.593625498007968	0.395027303357732	10	37	4.083353179328412	0.0018031083554797	4	5	0.796812749003984	0.0580922504937841	5	5	13.81847389558233	0.0009195889534547	C:\Users\Yusen Zhang\Downloads\baseline_like_overlap_three_class_summary.tsv	event_region	0.016898608349900597	0.004007899628252788	4.216325236983894	2.0759861572232676	1.198598194650236	4.034216076868995	2.7439781741245537
negative_only	TF	TF ChIP-seq	HepG2	FOXA3	FOXA3	ENCSR092OVN	ENCFF251TUO	/rhome/yzhan677/bigdata/ChIP-seq_HepG2/FOXA3/FOXA3_HepG2_ENCSR092OVN_ENCFF251TUO_GRCh38_rep1-2.narrowPeak.bed	yes	502	8607	57	1313	11.354581673306772	15.255024979667713	79	2442	0.71156712905517	0.0173206096925803	20	212	3.98406374501992	2.463111420936447	26	232	1.6431143818993188	0.0410612935524118	C:\Users\Yusen Zhang\Downloads\baseline_like_overlap_three_class_summary.tsv	event_region	0.1143141153081511	0.15259061338289961	0.7491556182509057	-0.4166626614381595	-3.900443306360941	0.7443174749592641	1.7614368247053387
negative_only	TF	TF ChIP-seq	HepG2	FOXK1	FOXK1	ENCSR603BJQ	ENCFF605GXY	/rhome/yzhan677/bigdata/ChIP-seq_HepG2/FOXK1/FOXK1_HepG2_ENCSR603BJQ_ENCFF605GXY_GRCh38_rep1-2.narrowPeak.bed	yes	502	8607	42	772	8.366533864541832	8.96944347624027	58	1337	0.9266445145302996	0.688009912411586	15	112	2.98804780876494	1.3012664110607646	21	124	2.3361872983279555	0.0048424615517766	C:\Users\Yusen Zhang\Downloads\baseline_like_overlap_three_class_summary.tsv	event_region	0.08449304174950298	0.08974210037174721	0.941509518938151	-0.08695241390293808	-0.602909611698438	0.932781826063621	0.162405304679252
negative_only	TF	TF ChIP-seq	HepG2	FOXK2	FOXK2	ENCSR171FUX	ENCFF315CHX	/rhome/yzhan677/bigdata/ChIP-seq_HepG2/FOXK2/FOXK2_HepG2_ENCSR171FUX_ENCFF315CHX_GRCh38_rep1-2.narrowPeak.bed	yes	502	8607	18	462	3.5856573705179287	5.367723945625653	21	537	0.6556563271439304	0.0989305579302011	6	57	1.195219123505976	0.6622516556291391	9	59	1.814516129032258	0.1600126106244615	C:\Users\Yusen Zhang\Downloads\baseline_like_overlap_three_class_summary.tsv	event_region	0.036779324055666	0.05372908921933085	0.6845328031809145	-0.5468084170236277	-1.7820665751077245	0.6680033114296063	1.0046695416622613
negative_only	TF	TF ChIP-seq	HepG2	FOXP1	FOXP1	ENCSR369YUK	ENCFF460UOW	/rhome/yzhan677/bigdata/ChIP-seq_HepG2/FOXP1/FOXP1_HepG2_ENCSR369YUK_ENCFF460UOW_GRCh38_rep1-2.narrowPeak.bed	yes	502	8607	48	924	9.56175298804781	10.735447891251306	56	1558	0.8791120773499628	0.4569627411700926	17	125	3.386454183266932	1.4523062623446032	20	140	2.378457731958763	0.0023225699930771	C:\Users\Yusen Zhang\Downloads\baseline_like_overlap_three_class_summary.tsv	event_region	0.09642147117296222	0.10740009293680297	0.8977782843232653	-0.15556889446597122	-1.1736949032034971	0.8906710819061417	0.3401192090415085
negative_only	TF	TF ChIP-seq	HepG2	HOMEZ	HOMEZ	ENCSR117CHD	ENCFF478OVU	/rhome/yzhan677/bigdata/ChIP-seq_HepG2/HOMEZ/HOMEZ_HepG2_ENCSR117CHD_ENCFF478OVU_GRCh38_rep1-2.narrowPeak.bed	yes	502	8607	42	871	8.366533864541832	10.119670036017196	62	1666	0.8109419457894474	0.2213660122833427	15	128	2.98804780876494	1.4871616126408738	18	146	2.0403137833675564	0.0148025391177245	C:\Users\Yusen Zhang\Downloads\baseline_like_overlap_three_class_summary.tsv	event_region	0.08449304174950298	0.10124302973977695	0.8345566303840753	-0.2609181452368862	-1.7531361714753633	0.826759551918617	0.6548890583032247
negative_only	TF	TF ChIP-seq	HepG2	HOXA5	HOXA5	ENCSR869JZW	ENCFF385DPO	/rhome/yzhan677/bigdata/ChIP-seq_HepG2/HOXA5/HOXA5_HepG2_ENCSR869JZW_ENCFF385DPO_GRCh38_rep1-2.narrowPeak.bed	yes	502	8607	39	512	7.768924302788845	5.948646450563495	56	869	1.331773926835853	0.1011694082562458	12	104	2.3904382470119523	1.20831881027071	18	127	2.002276295133438	0.0362550408582159	C:\Users\Yusen Zhang\Downloads\baseline_like_overlap_three_class_summary.tsv	event_region	0.07852882703777336	0.059537639405204464	1.3189778402754206	0.3994203265353916	1.8202778522253498	1.3059986616035857	0.9949507902036786
negative_only	TF	TF ChIP-seq	HepG2	HOXA7	HOXA7	ENCSR823QTA	ENCFF701NLW	/rhome/yzhan677/bigdata/ChIP-seq_HepG2/HOXA7/HOXA7_HepG2_ENCSR823QTA_ENCFF701NLW_GRCh38_rep1-2.narrowPeak.bed	yes	502	8607	13	93	2.589641434262948	1.0805158591843849	19	116	2.433801701959232	0.0077138013121091	5	18	0.99601593625498	0.2091321017776228	6	22	4.800469483568075	0.0073318312036877	C:\Users\Yusen Zhang\Downloads\baseline_like_overlap_three_class_summary.tsv	event_region	0.0268389662027833	0.010861988847583643	2.4709071772573115	1.3050408150269288	1.5091255750785633	2.396671379000128	2.112731551646529
negative_only	TF	TF ChIP-seq	HepG2	HOXD1	HOXD1	ENCSR359TWG	ENCFF647VJL	/rhome/yzhan677/bigdata/ChIP-seq_HepG2/HOXD1/HOXD1_HepG2_ENCSR359TWG_ENCFF647VJL_GRCh38_rep1-2.narrowPeak.bed	yes	502	8607	32	365	6.374501992031872	4.240734286046242	45	501	1.5374176624890703	0.0316010079283619	14	61	2.788844621513944	0.7087254560241664	22	68	4.019215264713787	4.97419012693168e-05	C:\Users\Yusen Zhang\Downloads\baseline_like_overlap_three_class_summary.tsv	event_region	0.06461232604373758	0.04246050185873606	1.5217042478371905	0.6056879898271145	2.1337677059856306	1.503159962888173	1.5002990651428387
negative_only	TF	TF ChIP-seq	HepG2	HSF2	HSF2	ENCSR764ZBK	ENCFF062UNZ	/rhome/yzhan677/bigdata/ChIP-seq_HepG2/HSF2/HSF2_HepG2_ENCSR764ZBK_ENCFF062UNZ_GRCh38_rep1-2.narrowPeak.bed	yes	502	8607	14	234	2.788844621513944	2.718717323109097	15	275	1.0265342580916352	0.8876079271153337	3	39	0.5976095617529881	0.4531195538515162	4	42	1.320795437027902	0.5022928070024089	C:\Users\Yusen Zhang\Downloads\baseline_like_overlap_three_class_summary.tsv	event_region	0.02882703777335984	0.02724210037174721	1.0581797064097294	0.08158465536329278	0.07012729840484688	1.025794258861988	0.05177882779303335
negative_only	TF	TF ChIP-seq	HepG2	MAZ	MAZ	ENCSR700PNE	ENCFF341OLL	/rhome/yzhan677/bigdata/ChIP-seq_HepG2/MAZ/MAZ_HepG2_ENCSR700PNE_ENCFF341OLL_GRCh38_rep1-2.narrowPeak.bed	yes	502	8607	54	594	10.756972111553784	6.901359358661555	96	1042	1.6260146103896105	0.0022470685679182	23	131	4.581673306772909	1.5220169629371445	38	167	3.106790546462892	1.0960252300610773e-05	C:\Users\Yusen Zhang\Downloads\baseline_like_overlap_three_class_summary.tsv	event_region	0.10834990059642147	0.06906366171003718	1.5688409492581934	0.6496990977823676	3.8556127528922293	1.5586743933357476	2.6483836751491103
negative_only	TF	TF ChIP-seq	HepG2	MEF2D	MEF2D	ENCSR923MOO	ENCFF407WPM	/rhome/yzhan677/bigdata/ChIP-seq_HepG2/MEF2D/MEF2D_HepG2_ENCSR923MOO_ENCFF407WPM_GRCh38_rep1-2.narrowPeak.bed	yes	502	8607	58	645	11.553784860557768	7.493900313698153	91	1205	1.6125288078776452	0.0018402168077105	23	118	4.581673306772909	1.3709771116533054	34	144	3.4543540568274302	2.3850894606977177e-06	C:\Users\Yusen Zhang\Downloads\baseline_like_overlap_three_class_summary.tsv	event_region	0.11630218687872763	0.07498838289962825	1.5509360567809256	0.633139207027311	4.059884546859615	1.5417585472065225	2.7351310069657977
negative_only	TF	TF ChIP-seq	HepG2	MEIS2	MEIS2	ENCSR830LDY	ENCFF647OBG	/rhome/yzhan677/bigdata/ChIP-seq_HepG2/MEIS2/MEIS2_HepG2_ENCSR830LDY_ENCFF647OBG_GRCh38_rep1-2.narrowPeak.bed	yes	502	8607	37	533	7.370517928286853	6.192633902637388	59	807	1.205342048457705	0.2962779167690331	17	84	3.386454183266932	0.9759498082955734	24	93	3.556480117820324	3.255961949351263e-05	C:\Users\Yusen Zhang\Downloads\baseline_like_overlap_three_class_summary.tsv	event_region	0.07455268389662027	0.061977230483271376	1.2029044104631814	0.26652200242255286	1.1778840256494654	1.190207275961819	0.5283007176821622
negative_only	TF	TF ChIP-seq	HepG2	MGA	MGA	ENCSR912NEF	ENCFF774KWE	/rhome/yzhan677/bigdata/ChIP-seq_HepG2/MGA/MGA_HepG2_ENCSR912NEF_ENCFF774KWE_GRCh38_rep1-2.narrowPeak.bed	yes	502	8607	61	785	12.151394422310757	9.120483327524108	114	1840	1.3782861764663403	0.0265896413815736	30	196	5.9760956175298805	2.277216219356338	48	282	2.7275380491179524	8.462912208547551e-06	C:\Users\Yusen Zhang\Downloads\baseline_like_overlap_three_class_summary.tsv	event_region	0.12226640159045726	0.09125232342007435	1.3398716548576144	0.42209481279614064	3.0309110947866493	1.332319131118837	1.5752875200228509
negative_only	TF	TF ChIP-seq	HepG2	MNX1	MNX1	ENCSR108MKR	ENCFF958FYM	/rhome/yzhan677/bigdata/ChIP-seq_HepG2/MNX1/MNX1_HepG2_ENCSR108MKR_ENCFF958FYM_GRCh38_rep1-2.narrowPeak.bed	yes	502	8607	78	833	15.53784860557769	9.678168932264436	130	1583	1.7168339033726698	6.233349481085923e-05	42	218	8.366533864541832	2.532822121528988	64	272	3.5135420821699244	2.0655667673183187e-10	C:\Users\Yusen Zhang\Downloads\baseline_like_overlap_three_class_summary.tsv	event_region	0.15606361829025844	0.09682853159851301	1.6117524010108515	0.6886301326563072	5.859679673313254	1.6054533367131714	4.205278523123683
negative_only	TF	TF ChIP-seq	HepG2	MTF1	MTF1	ENCSR194NVP	ENCFF502QZR	/rhome/yzhan677/bigdata/ChIP-seq_HepG2/MTF1/MTF1_HepG2_ENCSR194NVP_ENCFF502QZR_GRCh38_rep1-2.narrowPeak.bed	yes	502	8607	16	135	3.187250996015936	1.5684907633321716	18	175	2.066026520347508	0.0106716501626269	7	17	1.394422310756972	0.197513651678866	9	21	7.145573380867498	0.0002253178728362	C:\Users\Yusen Zhang\Downloads\baseline_like_overlap_three_class_summary.tsv	event_region	0.032803180914512925	0.015741171003717472	2.0839098251817507	1.059292850755679	1.6187602326837645	2.0320495794599376	1.9717684202089163
negative_only	TF	TF ChIP-seq	HepG2	MYNN	MYNN	ENCSR398TMP	ENCFF048GXO	/rhome/yzhan677/bigdata/ChIP-seq_HepG2/MYNN/MYNN_HepG2_ENCSR398TMP_ENCFF048GXO_GRCh38_rep1-2.narrowPeak.bed	yes	502	8607	12	130	2.3904382470119523	1.5103985128383872	15	167	1.596923076923077	0.1342875024561807	5	23	0.99601593625498	0.267224352271407	7	28	3.754702125798268	0.0170806463244171	C:\Users\Yusen Zhang\Downloads\baseline_like_overlap_three_class_summary.tsv	event_region	0.02485089463220676	0.015160315985130112	1.6392069041688566	0.7129979659559373	0.8800397341735651	1.5826539993870674	0.8719644033169306
negative_only	TF	TF ChIP-seq	HepG2	MZF1	MZF1	ENCSR384YOP	ENCFF689CDE	/rhome/yzhan677/bigdata/ChIP-seq_HepG2/MZF1/MZF1_HepG2_ENCSR384YOP_ENCFF689CDE_GRCh38_rep1-2.narrowPeak.bed	yes	502	8607	23	153	4.581673306772909	1.7776228651097945	28	218	2.653158131728683	0.0001371894486017	10	24	1.99203187250996	0.2788428023701638	12	26	7.26880081300813	9.32864100861509e-06	C:\Users\Yusen Zhang\Downloads\baseline_like_overlap_three_class_summary.tsv	event_region	0.04671968190854871	0.01783224907063197	2.6199545398618063	1.389541779058555	2.8040504416631142	2.577415826888524	3.8626792894330055
negative_only	TF	TF ChIP-seq	HepG2	NFIC	NFIC	ENCSR000BQX	ENCFF611FIV	/rhome/yzhan677/bigdata/ChIP-seq_HepG2/NFIC/NFIC_HepG2_ENCSR000BQX_ENCFF611FIV_GRCh38_rep1-2.narrowPeak.bed	yes	502	8607	18	491	3.5856573705179287	5.7046589984896015	28	873	0.6147346450993924	0.0450889840705855	8	73	1.593625498007968	0.8481468572092483	13	92	1.8931839609561312	0.0868557185145088	C:\Users\Yusen Zhang\Downloads\baseline_like_overlap_three_class_summary.tsv	event_region	0.036779324055666	0.057098048327137545	0.6441432786799043	-0.6345464679605338	-2.119001627971673	0.6285489406934381	1.3459295499564434
negative_only	TF	TF ChIP-seq	HepG2	NR2F2	NR2F2	ENCSR000BVM	ENCFF804MKP	/rhome/yzhan677/bigdata/ChIP-seq_HepG2/NR2F2/NR2F2_HepG2_ENCSR000BVM_ENCFF804MKP_GRCh38_rep1-2.narrowPeak.bed	yes	502	8607	38	661	7.569721115537849	7.679795515278262	50	1039	0.9844931921331316	1.0	14	93	2.788844621513944	1.0805158591843849	19	105	2.626388154415653	0.0021398379624159	C:\Users\Yusen Zhang\Downloads\baseline_like_overlap_three_class_summary.tsv	event_region	0.07654075546719682	0.07684711895910781	0.9960133379616481	-0.005763032832678274	-0.11007439974041322	0.9856670142425759	-0.0
negative_only	TF	TF ChIP-seq	HepG2	PATZ1	PATZ1	ENCSR658YLN	ENCFF174JHS	/rhome/yzhan677/bigdata/ChIP-seq_HepG2/PATZ1/PATZ1_HepG2_ENCSR658YLN_ENCFF174JHS_GRCh38_rep1-2.narrowPeak.bed	yes	502	8607	83	1003	16.533864541832667	11.653305449053097	131	1941	1.5017762940296058	0.0017556447442031	34	187	6.772908366533864	2.172650168467526	49	211	3.271173271173271	4.10283370158336e-08	C:\Users\Yusen Zhang\Downloads\baseline_like_overlap_three_class_summary.tsv	event_region	0.16600397614314116	0.11657760223048327	1.4239783025811252	0.5099271638625323	4.880559092779571	1.4188132812717225	2.755563359296147
negative_only	TF	TF ChIP-seq	HepG2	PBX2	PBX2	ENCSR849DFF	ENCFF709YWO	/rhome/yzhan677/bigdata/ChIP-seq_HepG2/PBX2/PBX2_HepG2_ENCSR849DFF_ENCFF709YWO_GRCh38_rep1-2.narrowPeak.bed	yes	502	8607	14	228	2.788844621513944	2.6490066225165565	18	287	1.0543032786885247	0.7758743883390575	6	22	1.195219123505976	0.2556059021726501	7	24	4.720491202346041	0.003622616932223	C:\Users\Yusen Zhang\Downloads\baseline_like_overlap_three_class_summary.tsv	event_region	0.02882703777335984	0.02654507434944238	1.0859656067968557	0.1189784128205996	0.13983799899738747	1.0527888446215137	0.11020858398267264
negative_only	TF	TF ChIP-seq	HepG2	PRDM4	PRDM4	ENCSR130NZQ	ENCFF666ISN	/rhome/yzhan677/bigdata/ChIP-seq_HepG2/PRDM4/PRDM4_HepG2_ENCSR130NZQ_ENCFF666ISN_GRCh38_rep1-2.narrowPeak.bed	yes	502	8607	12	90	2.3904382470119523	1.0456605088881143	16	111	2.317551020408163	0.0130670382608375	9	9	1.7928286852589643	0.1045660508888114	11	9	17.440162271805274	1.35915341432913e-07	C:\Users\Yusen Zhang\Downloads\baseline_like_overlap_three_class_summary.tsv	event_region	0.02485089463220676	0.010513475836431226	2.36371824302802	1.2410580754426166	1.344777738123838	2.28605577689243	1.883822837265284
negative_only	TF	TF ChIP-seq	HepG2	RXRB	RXRB	ENCSR560SEP	ENCFF499COS	/rhome/yzhan677/bigdata/ChIP-seq_HepG2/RXRB/RXRB_HepG2_ENCSR560SEP_ENCFF499COS_GRCh38_rep1-2.narrowPeak.bed	yes	502	8607	63	1153	12.549800796812749	13.39607296386662	88	2131	0.9277609958768548	0.6366447876128878	25	202	4.9800796812749	2.3469269199488787	32	218	2.180760528883077	0.0009423344387202	C:\Users\Yusen Zhang\Downloads\baseline_like_overlap_three_class_summary.tsv	event_region	0.12624254473161034	0.1340032527881041	0.9420856740786318	-0.08606982915971989	-0.846272167053872	0.9368268469919109	0.19610281226082993
negative_only	TF	TF ChIP-seq	HepG2	TFAP4	TFAP4	ENCSR587BVQ	ENCFF645QRU	/rhome/yzhan677/bigdata/ChIP-seq_HepG2/TFAP4/TFAP4_HepG2_ENCSR587BVQ_ENCFF645QRU_GRCh38_rep1-2.narrowPeak.bed	yes	502	8607	72	1325	14.342629482071716	15.394446380852797	106	2443	0.92023519087319	0.5664676370555353	19	242	3.784860557768925	2.811664923899152	26	266	1.3597436818780693	0.2133656701523487	C:\Users\Yusen Zhang\Downloads\baseline_like_overlap_three_class_summary.tsv	event_region	0.1441351888667992	0.1539846654275093	0.9360359907698285	-0.09536409210122727	-1.0518168987810803	0.9316755619033301	0.2468248968326793
negative_only	TF	TF ChIP-seq	HepG2	TGIF2	TGIF2	ENCSR993LMB	ENCFF661WFA	/rhome/yzhan677/bigdata/ChIP-seq_HepG2/TGIF2/TGIF2_HepG2_ENCSR993LMB_ENCFF661WFA_GRCh38_rep1-2.narrowPeak.bed	yes	502	8607	39	574	7.768924302788845	6.668990356686417	50	962	1.1788254152211377	0.3585921514869717	18	114	3.5856573705179287	1.3245033112582782	21	122	2.770661157024793	0.0003174798751307	C:\Users\Yusen Zhang\Downloads\baseline_like_overlap_three_class_summary.tsv	event_region	0.07852882703777336	0.06674024163568773	1.176633843587734	0.23466543828208683	1.0999339461024276	1.1649326040784598	0.4453992200811442
negative_only	TF	TF ChIP-seq	HepG2	ZNF10	ZNF10	ENCSR009LIA	ENCFF321MKV	/rhome/yzhan677/bigdata/ChIP-seq_HepG2/ZNF10/ZNF10_HepG2_ENCSR009LIA_ENCFF321MKV_GRCh38_rep1-2.narrowPeak.bed	yes	502	8607	6	21	1.195219123505976	0.2439874520738933	7	35	4.945852534562212	0.0029826355112139	2	4	0.398406374501992	0.0464738003950273	2	5	8.603	0.0392126863846054	C:\Users\Yusen Zhang\Downloads\baseline_like_overlap_three_class_summary.tsv	event_region	0.012922465208747515	0.0024976765799256504	5.1737944426464475	2.3712227361900915	0.9512316714320826	4.898690950483779	2.5253998157429534
negative_only	TF	TF ChIP-seq	HepG2	ZNF263	ZNF263	ENCSR313MMD	ENCFF927JRS	/rhome/yzhan677/bigdata/ChIP-seq_HepG2/ZNF263/ZNF263_HepG2_ENCSR313MMD_ENCFF927JRS_GRCh38_rep1-2.narrowPeak.bed	yes	502	8607	64	730	12.749003984063744	8.481468572092483	94	1309	1.5766810533558515	0.0018799101000927	30	134	5.9760956175298805	1.5568723132334146	38	159	4.018941310397167	4.517225783031731e-09	C:\Users\Yusen Zhang\Downloads\baseline_like_overlap_three_class_summary.tsv	event_region	0.12823061630218688	0.08486291821561338	1.5110323684178297	0.5955345653708528	4.267535411971261	1.503159962888173	2.725862918803977
negative_only	TF	TF ChIP-seq	HepG2	ZNF264	ZNF264	ENCSR248BVU	ENCFF404IUH	/rhome/yzhan677/bigdata/ChIP-seq_HepG2/ZNF264/ZNF264_HepG2_ENCSR248BVU_ENCFF404IUH_GRCh38_rep1-2.narrowPeak.bed	yes	502	8607	45	538	8.964143426294822	6.250726153131173	68	842	1.4768410434952373	0.0189190584531448	22	93	4.382470119521913	1.0805158591843849	29	108	4.195967741935484	2.3689787323470266e-07	C:\Users\Yusen Zhang\Downloads\baseline_like_overlap_three_class_summary.tsv	event_region	0.09045725646123261	0.06255808550185873	1.4459722629866114	0.5320398784055858	2.713417273163649	1.4340963284408834	1.7231004809774924
negative_only	TF	TF ChIP-seq	HepG2	ZNF543	ZNF543	ENCSR584DEL	ENCFF141UZG	/rhome/yzhan677/bigdata/ChIP-seq_HepG2/ZNF543/ZNF543_HepG2_ENCSR584DEL_ENCFF141UZG_GRCh38_rep1-2.narrowPeak.bed	yes	502	8607	41	385	8.167330677290837	4.473103288021378	66	634	1.8993267036650985	0.0004380247675054	19	80	3.784860557768925	0.929476007900546	29	101	4.192883022774328	1.4993817019039203e-06	C:\Users\Yusen Zhang\Downloads\baseline_like_overlap_three_class_summary.tsv	event_region	0.08250497017892644	0.0447839219330855	1.8422899696503212	0.8815001541829875	3.694227389269458	1.8258757179075902	3.3585013322200616
negative_only	TF	TF ChIP-seq	HepG2	ZNF713	ZNF713	ENCSR513NBU	ENCFF262CSX	/rhome/yzhan677/bigdata/ChIP-seq_HepG2/ZNF713/ZNF713_HepG2_ENCSR513NBU_ENCFF262CSX_GRCh38_rep1-2.narrowPeak.bed	yes	502	8607	26	171	5.179282868525896	1.9867549668874172	32	266	2.69467787114846	4.082217027180009e-05	11	27	2.1912350597609564	0.3136981526664343	11	30	7.119257750622313	3.9444922067378885e-06	C:\Users\Yusen Zhang\Downloads\baseline_like_overlap_three_class_summary.tsv	event_region	0.05268389662027833	0.01992332713754647	2.6443322571857486	1.402903461141484	3.192527901638479	2.6069057104913678	4.389103910153706
negative_only	TF	TF ChIP-seq	HepG2	ZNF737	ZNF737	ENCSR127IHN	ENCFF024LQZ	/rhome/yzhan677/bigdata/ChIP-seq_HepG2/ZNF737/ZNF737_HepG2_ENCSR127IHN_ENCFF024LQZ_GRCh38_rep1-2.narrowPeak.bed	yes	502	8607	20	188	3.98406374501992	2.1842686185662834	24	226	1.8581707424737357	0.0133327752626984	8	50	1.593625498007968	0.5809225049378414	9	54	2.771497975708502	0.0135718077899722	C:\Users\Yusen Zhang\Downloads\baseline_like_overlap_three_class_summary.tsv	event_region	0.040755467196819085	0.021898234200743494	1.8611303004255635	0.8961790641005166	1.7997951264536365	1.8239806730524706	1.8750794412969183
negative_only	TF	TF ChIP-seq	K562	ATF2	ATF2	ENCSR014ARU	ENCFF121HYT	/rhome/yzhan677/bigdata/ChIP-seq_K562/ATF2/ATF2_K562_ENCSR014ARU_ENCFF121HYT_GRCh38_rep1-2.narrowPeak.bed	yes	2645	5737	27	45	1.0207939508506616	0.7843820812271222	37	47	1.304507257448434	0.3080706653577063	11	6	0.4158790170132325	0.1045842774969496	16	6	3.988926853961023	0.0065559440368568	C:\Users\Yusen Zhang\Downloads\baseline_like_overlap_three_class_summary.tsv	event_region	0.010393046107331822	0.007929592192401533	1.3106659025026373	0.39029997981595105	0.23641186962353944	1.301398865784499	0.5113496534513361
negative_only	TF	TF ChIP-seq	K562	ATF4	ATF4	ENCSR044UJJ	ENCFF250MUC	/rhome/yzhan677/bigdata/ChIP-seq_K562/ATF4/ATF4_K562_ENCSR044UJJ_ENCFF250MUC_GRCh38_rep1-2.narrowPeak.bed	yes	2645	5737	100	273	3.780718336483932	4.758584626111208	130	391	0.7864303345639299	0.0459861040055951	41	42	1.550094517958412	0.7320899424786473	47	42	2.1349480652476043	0.0007779626636286	C:\Users\Yusen Zhang\Downloads\baseline_like_overlap_three_class_summary.tsv	event_region	0.03798185941043084	0.04766469153014988	0.7968552442305381	-0.3276104251236402	-0.9778662896272761	0.7945048020662387	1.3373733827839531
negative_only	TF	TF ChIP-seq	K562	ATF6	ATF6	ENCSR125RFR	ENCFF863ZFH	/rhome/yzhan677/bigdata/ChIP-seq_K562/ATF6/ATF6_K562_ENCSR125RFR_ENCFF863ZFH_GRCh38_rep1-2.narrowPeak.bed	yes	2645	5737	88	128	3.32703213610586	2.2311312532682583	117	188	1.508090535784122	0.0037939873949321	39	16	1.474480151228733	0.2788914066585323	49	18	5.351088833461243	2.967890179533175e-09	C:\Users\Yusen Zhang\Downloads\baseline_like_overlap_three_class_summary.tsv	event_region	0.03344671201814059	0.02239456256535378	1.493519327315881	0.5787159073791072	1.0959008828376016	1.491186200378072	2.420904116336267
negative_only	TF	TF ChIP-seq	K562	ATF7	ATF7	ENCSR972ZBV	ENCFF371SJR	/rhome/yzhan677/bigdata/ChIP-seq_K562/ATF7/ATF7_K562_ENCSR972ZBV_ENCFF371SJR_GRCh38_rep1-2.narrowPeak.bed	yes	2645	5737	343	778	12.967863894139883	13.561094648771135	582	1485	0.9497369002923578	0.4685809276865252	140	171	5.293005671077505	2.9806519086630643	195	205	1.8191453350608724	4.0954868307049733e-07	C:\Users\Yusen Zhang\Downloads\baseline_like_overlap_three_class_summary.tsv	event_region	0.12981859410430838	0.13567445102823283	0.9568389119724103	-0.06365203377094943	-0.5932307546312519	0.9562549506514204	0.3292153921561825
negative_only	TF	TF ChIP-seq	K562	CREB1	CREB1	ENCSR471WXT	ENCFF970QKS	/rhome/yzhan677/bigdata/ChIP-seq_K562/CREB1/CREB1_K562_ENCSR471WXT_ENCFF970QKS_GRCh38_rep1-2.narrowPeak.bed	yes	2645	5737	201	306	7.599243856332703	5.333798152344431	294	464	1.4596651262796445	7.714978356148878e-05	100	80	3.780718336483932	1.3944570332926616	128	96	2.7784872298624754	1.9529711479634788e-11	C:\Users\Yusen Zhang\Downloads\baseline_like_overlap_three_class_summary.tsv	event_region	0.07615268329554044	0.05341582432903451	1.4256577381723035	0.5116276713271735	2.265445703988272	1.4247340524111345	4.112665287982984
negative_only	TF	TF ChIP-seq	K562	CREB3	CREB3	ENCSR093FKD	ENCFF606EUI	/rhome/yzhan677/bigdata/ChIP-seq_K562/CREB3/CREB3_K562_ENCSR093FKD_ENCFF606EUI_GRCh38_rep1-2.narrowPeak.bed	yes	2645	5737	114	238	4.310018903591682	4.148509674045669	152	514	1.0406854167980903	0.7255195019641074	42	40	1.5879017013232517	0.6972285166463308	49	48	2.2980599308490204	0.0002775694892856	C:\Users\Yusen Zhang\Downloads\baseline_like_overlap_three_class_summary.tsv	event_region	0.04327286470143613	0.041565005228302546	1.041088879064321	0.05809323858142017	0.161509229546013	1.0389318676430872	0.1393509092337357
negative_only	TF	TF ChIP-seq	K562	CREB5	CREB5	ENCSR935PEA	ENCFF875JMR	/rhome/yzhan677/bigdata/ChIP-seq_K562/CREB5/CREB5_K562_ENCSR935PEA_ENCFF875JMR_GRCh38_rep1-2.narrowPeak.bed	yes	2645	5737	14	46	0.5293005671077505	0.8018127941432804	14	50	0.6583213524366665	0.2092187412886461	6	1	0.2268431001890359	0.0174307129161582	6	1	13.041303524062144	0.005025365567206	C:\Users\Yusen Zhang\Downloads\baseline_like_overlap_three_class_summary.tsv	event_region	0.005479969765684051	0.008103868943882885	0.6762164842041954	-0.5644429094904716	-0.2725122270355299	0.6601298594559054	0.6793994150548321
negative_only	TF	TF ChIP-seq	K562	CREM	CREM	ENCSR077DKV	ENCFF021XJN	/rhome/yzhan677/bigdata/ChIP-seq_K562/CREM/CREM_K562_ENCSR077DKV_ENCFF021XJN_GRCh38_rep1-2.narrowPeak.bed	yes	2645	5737	355	758	13.42155009451796	13.21248039044797	489	1126	1.0182766646311254	0.8084715997587774	138	134	5.217391304347826	2.335715530765208	162	144	2.30165685334794	2.7648564358128e-11	C:\Users\Yusen Zhang\Downloads\baseline_like_overlap_three_class_summary.tsv	event_region	0.13435374149659865	0.1321889159986058	1.0163767550527132	0.023435285862369377	0.20906970406998937	1.015823652932052	0.09233523152094761
negative_only	TF	TF ChIP-seq	K562	DLX4	DLX4	ENCSR017EJY	ENCFF832DBU	/rhome/yzhan677/bigdata/ChIP-seq_K562/DLX4/DLX4_K562_ENCSR017EJY_ENCFF832DBU_GRCh38_rep1-2.narrowPeak.bed	yes	2645	5737	2	3	0.0756143667296786	0.0522921387484748	4	3	1.4463362340774373	0.6536934372037244	1	1	0.0378071833648393	0.0174307129161582	3	1	2.1694402420574885	0.5315637502661583	C:\Users\Yusen Zhang\Downloads\baseline_like_overlap_three_class_summary.tsv	event_region	0.000944822373393802	0.0006099686301847334	1.548968793866753	0.6313080793197458	0.0233222279812038	1.445998739760554	0.18462587513889395
negative_only	TF	TF ChIP-seq	K562	FOXA3	FOXA3	ENCSR788DXU	ENCFF197SXI	/rhome/yzhan677/bigdata/ChIP-seq_K562/FOXA3/FOXA3_K562_ENCSR788DXU_ENCFF197SXI_GRCh38_rep1-2.narrowPeak.bed	yes	2645	5737	162	274	6.1247637051039705	4.776015339027366	218	425	1.300825173221703	0.0110188085445039	67	28	2.5330812854442346	0.4880599616524316	86	34	5.298999778344231	5.441957183238531e-15	C:\Users\Yusen Zhang\Downloads\baseline_like_overlap_three_class_summary.tsv	event_region	0.06141345427059713	0.04783896828163123	1.2837537362647955	0.360368475400606	1.3487483660766042	1.2824003421964043	1.9578653628818488
negative_only	TF	TF ChIP-seq	K562	FOXK1	FOXK1	ENCSR659CCI	ENCFF516ZWP	/rhome/yzhan677/bigdata/ChIP-seq_K562/FOXK1/FOXK1_K562_ENCSR659CCI_ENCFF516ZWP_GRCh38_rep1-2.narrowPeak.bed	yes	2645	5737	91	150	3.440453686200378	2.6146069374237406	125	197	1.3271130253197598	0.0411613700643085	44	22	1.66351606805293	0.3834756841554819	52	27	4.3944636678200695	4.769328419256389e-09	C:\Users\Yusen Zhang\Downloads\baseline_like_overlap_three_class_summary.tsv	event_region	0.03458049886621315	0.026228651097943534	1.3184246012912364	0.39881506801432814	0.8258467487766374	1.3158588531821045	1.3855101780916652
negative_only	TF	TF ChIP-seq	K562	FOXK2	FOXK2	ENCSR302AWT	ENCFF066CWG	/rhome/yzhan677/bigdata/ChIP-seq_K562/FOXK2/FOXK2_K562_ENCSR302AWT_ENCFF066CWG_GRCh38_rep1-2.narrowPeak.bed	yes	2645	5737	215	463	8.128544423440454	8.07042008018128	296	739	1.007839372850172	0.9313349905100176	78	74	2.9489603024574667	1.289872755795712	86	78	2.325324545425831	3.606956687355638e-07	C:\Users\Yusen Zhang\Downloads\baseline_like_overlap_three_class_summary.tsv	event_region	0.08144368858654573	0.08077727431160683	1.0082500218114334	0.011853436953555013	0.05812434325917337	1.0072021459455265	0.03089408017623535
negative_only	TF	TF ChIP-seq	K562	FOXP1	FOXP1	ENCSR530WIV	ENCFF491EEI	/rhome/yzhan677/bigdata/ChIP-seq_K562/FOXP1/FOXP1_K562_ENCSR530WIV_ENCFF491EEI_GRCh38_rep1-2.narrowPeak.bed	yes	2645	5737	151	188	5.708884688090738	3.276974028237755	212	311	1.7870527564026002	3.374321649288386e-07	68	33	2.570888468809074	0.5752135262332229	89	37	4.560999988240966	1.4474158594567513e-13	C:\Users\Yusen Zhang\Downloads\baseline_like_overlap_three_class_summary.tsv	event_region	0.0572562358276644	0.032851167654234924	1.7428980433906542	0.8014881766942743	2.4319106598529827	1.7421208221051363	6.471813521671907
negative_only	TF	TF ChIP-seq	K562	HOMEZ	HOMEZ	ENCSR801JWB	ENCFF601LMD	/rhome/yzhan677/bigdata/ChIP-seq_K562/HOMEZ/HOMEZ_K562_ENCSR801JWB_ENCFF601LMD_GRCh38_rep1-2.narrowPeak.bed	yes	2645	5737	33	49	1.2476370510396977	0.8541049328917553	41	57	1.4665749914054442	0.0949569987471265	13	6	0.4914933837429111	0.1045842774969496	17	8	4.717768490374874	0.0017803864876873	C:\Users\Yusen Zhang\Downloads\baseline_like_overlap_three_class_summary.tsv	event_region	0.012660619803476946	0.008626699198326943	1.467608816815166	0.5534674768681505	0.3935321181479424	1.4607538289417847	1.0224730203399004
negative_only	TF	TF ChIP-seq	K562	MAZ	MAZ	ENCSR643JRH	ENCFF962GWS	/rhome/yzhan677/bigdata/ChIP-seq_K562/MAZ/MAZ_K562_ENCSR643JRH_ENCFF962GWS_GRCh38_rep1-2.narrowPeak.bed	yes	2645	5737	241	377	9.111531190926277	6.571378769391669	374	677	1.4252991256835426	5.014180225395102e-05	100	93	3.780718336483932	1.6210563012027193	132	106	2.384604009548556	3.9326204591007074e-09	C:\Users\Yusen Zhang\Downloads\baseline_like_overlap_three_class_summary.tsv	event_region	0.09126984126984126	0.06578947368421052	1.3873015873015873	0.4722814511133195	2.540152421534608	1.3865478631921497	4.299800060188747
negative_only	TF	TF ChIP-seq	K562	MEF2D	MEF2D	ENCSR647ZXA	ENCFF436DME	/rhome/yzhan677/bigdata/ChIP-seq_K562/MEF2D/MEF2D_K562_ENCSR647ZXA_ENCFF436DME_GRCh38_rep1-2.narrowPeak.bed	yes	2645	5737	113	359	4.272211720226843	6.257625936900819	152	599	0.6685610811143822	0.0001943271341148	43	43	1.625708884688091	0.7495206553948056	51	51	2.188316679477325	0.0003996675164311	C:\Users\Yusen Zhang\Downloads\baseline_like_overlap_three_class_summary.tsv	event_region	0.04289493575207861	0.06265249215754619	0.6846485155644703	-0.5465645666583951	-1.985414216673976	0.6827208534524066	3.711466554142521
negative_only	TF	TF ChIP-seq	K562	MEIS2	MEIS2	ENCSR851BNE	ENCFF937UEE	/rhome/yzhan677/bigdata/ChIP-seq_K562/MEIS2/MEIS2_K562_ENCSR851BNE_ENCFF937UEE_GRCh38_rep1-2.narrowPeak.bed	yes	2645	5737	384	1042	14.517958412098295	18.162802858636915	597	2403	0.7652415446429102	3.1610568057416024e-05	153	177	5.784499054820416	3.085236186160014	175	186	1.9286122371249013	1.0364993999102205e-08	C:\Users\Yusen Zhang\Downloads\baseline_like_overlap_three_class_summary.tsv	event_region	0.14531368102796674	0.18168351341930986	0.7998176515476961	-0.32225697388021174	-3.6448444465386203	0.7993236795605367	4.500167699605391
negative_only	TF	TF ChIP-seq	K562	MGA	MGA	ENCSR710WLO	ENCFF525MPI	/rhome/yzhan677/bigdata/ChIP-seq_K562/MGA/MGA_K562_ENCSR710WLO_ENCFF525MPI_GRCh38_rep1-2.narrowPeak.bed	yes	2645	5737	254	487	9.603024574669188	8.488757190169077	407	870	1.145208288783142	0.0977889419567994	103	102	3.89413988657845	1.7779327174481436	137	125	2.238491383965073	1.895965907725925e-08	C:\Users\Yusen Zhang\Downloads\baseline_like_overlap_three_class_summary.tsv	event_region	0.09618291761148905	0.08495991634715928	1.1320976025737932	0.1789983439287101	1.1142673845001116	1.1312639011268406	1.0097102527652053
negative_only	TF	TF ChIP-seq	K562	MTF1	MTF1	ENCSR849LXI	ENCFF478MAJ	/rhome/yzhan677/bigdata/ChIP-seq_K562/MTF1/MTF1_K562_ENCSR849LXI_ENCFF478MAJ_GRCh38_rep1-2.narrowPeak.bed	yes	2645	5737	17	50	0.6427221172022685	0.8715356458079135	20	53	0.7357610350076104	0.2943505542926919	9	5	0.3402646502835539	0.0871535645807913	10	5	3.914112291350531	0.0167498864909411	C:\Users\Yusen Zhang\Downloads\baseline_like_overlap_three_class_summary.tsv	event_region	0.006613756613756613	0.008800975949808295	0.7514799098957514	-0.41219355931684076	-0.22881352860564508	0.7374593572778828	0.5311351420293872
negative_only	TF	TF ChIP-seq	K562	MYNN	MYNN	ENCSR307YJU	ENCFF603EAX	/rhome/yzhan677/bigdata/ChIP-seq_K562/MYNN/MYNN_K562_ENCSR307YJU_ENCFF603EAX_GRCh38_rep1-2.narrowPeak.bed	yes	2645	5737	19	32	0.718336483931947	0.5577828133170646	23	33	1.289925266565118	0.3687710241311061	11	0	0.4158790170132325	0.0	11	0	inf	3.0455549439422223e-06	C:\Users\Yusen Zhang\Downloads\baseline_like_overlap_three_class_summary.tsv	event_region	0.007369614512471655	0.0056639944231439525	1.3011337868480726	0.37976931232378147	0.16055367061488246	1.287842627599244	0.4332432105965724
negative_only	TF	TF ChIP-seq	K562	NFIC	NFIC	ENCSR796ITY	ENCFF092TVM	/rhome/yzhan677/bigdata/ChIP-seq_K562/NFIC/NFIC_K562_ENCSR796ITY_ENCFF092TVM_GRCh38_rep1-2.narrowPeak.bed	yes	2645	5737	389	1073	14.706994328922496	18.703154959037825	581	1943	0.7494960110514036	6.071514493912106e-06	155	180	5.860113421550095	3.1375283249084887	192	189	1.921764837126283	9.427252796262174e-09	C:\Users\Yusen Zhang\Downloads\baseline_like_overlap_three_class_summary.tsv	event_region	0.14720332577475434	0.1870860927152318	0.7868213165305453	-0.3458920513071164	-3.9961606301153285	0.7863376184997983	5.216702963898651
negative_only	TF	TF ChIP-seq	K562	NR2F2	NR2F2	ENCSR000BRS	ENCFF118HUH	/rhome/yzhan677/bigdata/ChIP-seq_K562/NR2F2/NR2F2_K562_ENCSR000BRS_ENCFF118HUH_GRCh38_rep1-2.narrowPeak.bed	yes	2645	5737	268	528	10.132325141776938	9.203416419731566	345	838	1.1123105263828863	0.1858721603960384	109	80	4.120982986767486	1.3944570332926616	121	83	3.039299093059937	7.762030830093328e-14	C:\Users\Yusen Zhang\Downloads\baseline_like_overlap_three_class_summary.tsv	event_region	0.10147392290249434	0.09210526315789473	1.1017168772270813	0.13975352309271727	0.9289087220453727	1.1009308586813316	0.7307856532178111
negative_only	TF	TF ChIP-seq	K562	PATZ1	PATZ1	ENCSR549PVK	ENCFF743JJF	/rhome/yzhan677/bigdata/ChIP-seq_K562/PATZ1/PATZ1_K562_ENCSR549PVK_ENCFF743JJF_GRCh38_rep1-2.narrowPeak.bed	yes	2645	5737	33	87	1.2476370510396977	1.5164720237057696	37	96	0.8204837091408353	0.3738003250384437	12	12	0.4536862003780718	0.2091685549938992	14	13	2.1743258640334218	0.0754173782787	C:\Users\Yusen Zhang\Downloads\baseline_like_overlap_three_class_summary.tsv	event_region	0.012660619803476946	0.015249215754618333	0.8302472735125797	-0.2683870148845687	-0.2688349726660719	0.8227234208982466	0.42736032531582474
negative_only	TF	TF ChIP-seq	K562	PBX2	PBX2	ENCSR263DFP	ENCFF685CMQ	/rhome/yzhan677/bigdata/ChIP-seq_K562/PBX2/PBX2_K562_ENCSR263DFP_ENCFF685CMQ_GRCh38_rep1-2.narrowPeak.bed	yes	2645	5737	230	833	8.695652173913043	14.51978385915984	347	1815	0.5606814154233122	1.9275857976611302e-14	89	114	3.364839319470699	1.987101272442043	103	124	1.7174827718749142	0.0002247552513419	C:\Users\Yusen Zhang\Downloads\baseline_like_overlap_three_class_summary.tsv	event_region	0.08711262282690854	0.14525967235970721	0.5997027351899235	-0.7376805420670912	-5.8241316852467975	0.5988830314734589	13.714986282215259
negative_only	TF	TF ChIP-seq	K562	PPARD	PPARD	ENCSR576AMK	ENCFF893YKY	/rhome/yzhan677/bigdata/ChIP-seq_K562/PPARD/PPARD_K562_ENCSR576AMK_ENCFF893YKY_GRCh38_rep1-2.narrowPeak.bed	yes	2645	5737	12	18	0.4536862003780718	0.3137528324908488	14	18	1.4480313963792886	0.3285605032113202	6	0	0.2268431001890359	0.0	6	0	inf	0.0009835146967362	C:\Users\Yusen Zhang\Downloads\baseline_like_overlap_three_class_summary.tsv	event_region	0.00472411186696901	0.0032241199024050193	1.4652407509550367	0.5511377306357625	0.139933367887223	1.4459987397605547	0.4833846450042572
negative_only	TF	TF ChIP-seq	K562	TBX18	TBX18	ENCSR385IUC	ENCFF405EGZ	/rhome/yzhan677/bigdata/ChIP-seq_K562/TBX18/TBX18_K562_ENCSR385IUC_ENCFF405EGZ_GRCh38_rep1-2.narrowPeak.bed	yes	2645	5737	60	146	2.2684310018903595	2.5448840857591075	70	225	0.8888476722927321	0.4946376589904792	23	14	0.8695652173913043	0.2440299808262158	26	14	3.585839598997494	0.0001329449135128	C:\Users\Yusen Zhang\Downloads\baseline_like_overlap_three_class_summary.tsv	event_region	0.02286470143613001	0.025531544092018126	0.8955471456690375	-0.15915871065766563	-0.276453083868748	0.8913690861537666	0.30571282192306365
negative_only	TF	TF ChIP-seq	K562	TFAP4	TFAP4	ENCSR784IMK	ENCFF438IYI	/rhome/yzhan677/bigdata/ChIP-seq_K562/TFAP4/TFAP4_K562_ENCSR784IMK_ENCFF438IYI_GRCh38_rep1-2.narrowPeak.bed	yes	2645	5737	458	711	17.31568998109641	12.39323688338853	776	1382	1.480367624313727	2.714001459976602e-09	224	181	8.468809073724008	3.1549590378246477	307	226	2.8401213141914328	6.06952653075773e-24	C:\Users\Yusen Zhang\Downloads\baseline_like_overlap_three_class_summary.tsv	event_region	0.17328042328042328	0.12399790867898222	1.3974463370106378	0.48279288355855965	4.922453097707878	1.3971886557180042	8.56638992305078
negative_only	TF	TF ChIP-seq	K562	TGIF2	TGIF2	ENCSR028WJI	ENCFF238XIA	/rhome/yzhan677/bigdata/ChIP-seq_K562/TGIF2/TGIF2_K562_ENCSR028WJI_ENCFF238XIA_GRCh38_rep1-2.narrowPeak.bed	yes	2645	5737	64	68	2.4196597353497165	1.1852884782987625	79	95	2.0672334024659844	4.353821992660901e-05	31	10	1.172022684310019	0.1743071291615827	35	12	6.791775057383321	7.985578963420724e-09	C:\Users\Yusen Zhang\Downloads\baseline_like_overlap_three_class_summary.tsv	event_region	0.024376417233560092	0.011937957476472638	2.041925285929457	1.029930078952715	1.234371257050954	2.041409985544312	4.361129331194204
negative_only	TF	TF ChIP-seq	K562	ZBTB12	ZBTB12	ENCSR172OSX	ENCFF830MTX	/rhome/yzhan677/bigdata/ChIP-seq_K562/ZBTB12/ZBTB12_K562_ENCSR172OSX_ENCFF830MTX_GRCh38_rep1-2.narrowPeak.bed	yes	2645	5737	71	175	2.684310018903592	3.0503747603276974	87	268	0.8766833166833167	0.3664828318018686	27	21	1.0207939508506616	0.3660449712393236	28	24	2.8071592273272947	0.0004645959134373	C:\Users\Yusen Zhang\Downloads\baseline_like_overlap_three_class_summary.tsv	event_region	0.027021919879062738	0.030585569884977345	0.8834859046499258	-0.17872097703618364	-0.3660647414241054	0.8799935187685661	0.43594636543854914
negative_only	TF	TF ChIP-seq	K562	ZNF212	ZNF212	ENCSR002ZGC	ENCFF435MHH	/rhome/yzhan677/bigdata/ChIP-seq_K562/ZNF212/ZNF212_K562_ENCSR002ZGC_ENCFF435MHH_GRCh38_rep1-2.narrowPeak.bed	yes	2645	5737	23	46	0.8695652173913043	0.8018127941432804	25	65	1.0852402745995424	0.794915388761221	9	1	0.3402646502835539	0.0174307129161582	11	1	19.58421851289833	0.0002202745439379	C:\Users\Yusen Zhang\Downloads\baseline_like_overlap_three_class_summary.tsv	event_region	0.008881330309901738	0.008103868943882885	1.0959370606067995	0.1321649470595937	0.06775242324802389	1.0844990548204159	0.09967909543118009
negative_only	TF	TF ChIP-seq	K562	ZNF263	ZNF263	ENCSR845GGY	ENCFF295XBK	/rhome/yzhan677/bigdata/ChIP-seq_K562/ZNF263/ZNF263_K562_ENCSR845GGY_ENCFF295XBK_GRCh38_rep1-2.narrowPeak.bed	yes	2645	5737	247	381	9.338374291115311	6.641101621056301	386	725	1.4479826802300255	1.775918844596549e-05	104	75	3.931947069943289	1.3073034687118703	146	92	3.089849140758232	1.8310313873160079e-13	C:\Users\Yusen Zhang\Downloads\baseline_like_overlap_three_class_summary.tsv	event_region	0.0935374149659864	0.06648658069013594	1.406861565071638	0.4924803746224291	2.69727267005901	1.4061483807907753	4.750576884362147
control	TF	TF ChIP-seq	GM12878	JUND	JUND	ENCSR000DYS	ENCFF873DJD	/bigdata/wmalab/yzhan677/ChIP-seq_GM12878/JUND/JUND_GM12878_ENCSR000DYS_ENCFF873DJD_GRCh38_rep1-2.narrowPeak.bed	yes	2995	6877	69	306	2.303839732888147	4.449614657554166	79	341	0.5063896371945907	1.1445684190804625e-07	28	38	0.9348914858096828	0.5525665261014978	31	41	1.6984371951111348	0.0428312728649038	C:\Users\Yusen Zhang\Downloads\baseline_like_overlap_three_class_summary_control.tsv	event_region	0.023197596795727637	0.04456237278278569	0.5205646680620382	-0.9418506988992342	-2.145774924666019	0.5177616288585551	6.941358241310999
control	TF	TF ChIP-seq	GM12878	MEF2A	MEF2A	ENCSR000BKB	ENCFF958GXF	/bigdata/wmalab/yzhan677/ChIP-seq_GM12878/MEF2A/MEF2A_GM12878_ENCSR000BKB_ENCFF958GXF_GRCh38_rep1-2.narrowPeak.bed	yes	2995	6877	170	724	5.676126878130217	10.52784644467064	222	1291	0.5114213073876693	1.1026104075948754e-15	71	113	2.370617696160267	1.6431583539334012	81	121	1.453470212946261	0.0186034954218657	C:\Users\Yusen Zhang\Downloads\baseline_like_overlap_three_class_summary_control.tsv	event_region	0.05690921228304406	0.10533585344576912	0.5402644059113555	-0.888262458464717	-4.851719566540423	0.5391536538798551	14.95757791251003
control	TF	TF ChIP-seq	GM12878	TBP	TBP	ENCSR000DZZ	ENCFF896UZB	/bigdata/wmalab/yzhan677/ChIP-seq_GM12878/TBP/TBP_GM12878_ENCSR000DZZ_ENCFF896UZB_GRCh38_rep1-2.narrowPeak.bed	yes	2995	6877	137	407	4.574290484140234	5.918278319034463	200	935	0.7620232357811084	0.00717047673851	66	76	2.2036727879799667	1.1051330522029956	79	91	2.0164327685037104	4.619677102204327e-05	C:\Users\Yusen Zhang\Downloads\baseline_like_overlap_three_class_summary_control.tsv	event_region	0.04589452603471295	0.059246874091305614	0.774632024703695	-0.36841694863837804	-1.3439878348942287	0.7729089842612381	2.144451968736492
control	TF	TF ChIP-seq	HepG2	E2F1	E2F1	ENCSR717ZZW	ENCFF049BWK	/bigdata/wmalab/yzhan677/ChIP-seq_HepG2/E2F1/E2F1_HepG2_ENCSR717ZZW_ENCFF049BWK_GRCh38_rep1-2.narrowPeak.bed	yes	502	8607	20	258	3.98406374501992	2.997560125479261	30	387	1.342757888642285	0.2273290977454346	9	51	1.7928286852589643	0.5925409550365981	11	66	3.062641689535855	0.0052255233495764	C:\Users\Yusen Zhang\Downloads\baseline_like_overlap_three_class_summary_control.tsv	event_region	0.040755467196819085	0.030030204460966544	1.3571491745849853	0.44057930705424614	0.9865036195406587	1.3291021958676918	0.6433449717475909
control	TF	TF ChIP-seq	HepG2	ETV5	ETV5	ENCSR096IIB	ENCFF923NCW	/bigdata/wmalab/yzhan677/ChIP-seq_HepG2/ETV5/ETV5_HepG2_ENCSR096IIB_ENCFF923NCW_GRCh38_rep1-2.narrowPeak.bed	yes	502	8607	46	870	9.163346613545816	10.10805158591844	64	1419	0.8971113127646703	0.541556421621108	20	141	3.98406374501992	1.6382014639247124	23	150	2.491392248609517	0.0006260275140847	C:\Users\Yusen Zhang\Downloads\baseline_like_overlap_three_class_summary_control.tsv	event_region	0.09244532803180915	0.10112685873605948	0.9141520777688835	-0.12949390379197268	-0.9447049723726249	0.9065393598021704	0.2663562900594937
control	TF	TF ChIP-seq	HepG2	JUND	JUND	ENCSR282ZLP	ENCFF383BYS	/bigdata/wmalab/yzhan677/ChIP-seq_HepG2/JUND/JUND_HepG2_ENCSR282ZLP_ENCFF383BYS_GRCh38_rep1-2.narrowPeak.bed	yes	502	8607	30	449	5.9760956175298805	5.216684094341815	39	683	1.1548261673776	0.4705599933791411	16	63	3.187250996015936	0.73196235622168	19	74	4.464824612972762	4.862471598501107e-06	C:\Users\Yusen Zhang\Downloads\baseline_like_overlap_three_class_summary_control.tsv	event_region	0.06063618290258449	0.05221886617100372	1.1611930198563898	0.2156078047995357	0.7594115231880654	1.1455736075741576	0.3273849989476028
control	TF	TF ChIP-seq	HepG2	LCORL	LCORL	ENCSR880PMU	ENCFF606UCO	/bigdata/wmalab/yzhan677/ChIP-seq_HepG2/LCORL/LCORL_HepG2_ENCSR880PMU_ENCFF606UCO_GRCh38_rep1-2.narrowPeak.bed	yes	502	8607	57	974	11.354581673306772	11.316370396189148	99	1970	1.003809150266479	0.9423334609596516	24	221	4.780876494023905	2.567677471825258	41	273	1.905223499119635	0.0062608836423581	C:\Users\Yusen Zhang\Downloads\baseline_like_overlap_three_class_summary_control.tsv	event_region	0.1143141153081511	0.11320864312267657	1.009764909771744	0.014019448437582242	0.03821127711762351	1.0033766371884125	0.025795387410826938
control	TF	TF ChIP-seq	HepG2	MEF2A	MEF2A	ENCSR291MJH	ENCFF938PFW	/bigdata/wmalab/yzhan677/ChIP-seq_HepG2/MEF2A/MEF2A_HepG2_ENCSR291MJH_ENCFF938PFW_GRCh38_rep1-2.narrowPeak.bed	yes	502	8607	14	289	2.788844621513944	3.3577320785407228	19	410	0.8257133132906007	0.6076825000920547	7	34	1.394422310756972	0.395027303357732	11	39	3.565715983363042	0.0064977965135174	C:\Users\Yusen Zhang\Downloads\baseline_like_overlap_three_class_summary_control.tsv	event_region	0.02882703777335984	0.03363150557620818	0.8571438381799016	-0.22239077011056743	-0.5688874570267788	0.8305738981789106	0.21632327019026235
control	TF	TF ChIP-seq	HepG2	SMAD4	SMAD4	ENCSR826YMT	ENCFF541EKJ	/bigdata/wmalab/yzhan677/ChIP-seq_HepG2/SMAD4/SMAD4_HepG2_ENCSR826YMT_ENCFF541EKJ_GRCh38_rep1-2.narrowPeak.bed	yes	502	8607	67	1194	13.346613545816732	13.872429417915647	93	2243	0.9562583030092994	0.790410675423132	24	197	4.780876494023905	2.288834669455095	29	219	2.1434488031773675	0.0014116178913218	C:\Users\Yusen Zhang\Downloads\baseline_like_overlap_three_class_summary_control.tsv	event_region	0.1341948310139165	0.13876626394052044	0.9670565972103753	-0.04832776865440424	-0.5258158720989154	0.9620963382650304	0.10214720272451622
control	TF	TF ChIP-seq	HepG2	TBP	TBP	ENCSR798KXG	ENCFF196KRF	/bigdata/wmalab/yzhan677/ChIP-seq_HepG2/TBP/TBP_HepG2_ENCSR798KXG_ENCFF196KRF_GRCh38_rep1-2.narrowPeak.bed	yes	502	8607	13	58	2.589641434262948	0.673870105727896	20	76	3.918517734997532	0.0001131643028724	7	6	1.394422310756972	0.0697107005925409	9	6	20.27171717171717	1.9014651286540277e-06	C:\Users\Yusen Zhang\Downloads\baseline_like_overlap_three_class_summary_control.tsv	event_region	0.0268389662027833	0.006796003717472119	3.949227710659122	1.9815705553311609	1.9157713285350522	3.8429385904657227	3.946290547621799
control	TF	TF ChIP-seq	HepG2	TBX2	TBX2	ENCSR410FEH	ENCFF946LHJ	/bigdata/wmalab/yzhan677/ChIP-seq_HepG2/TBX2/TBX2_HepG2_ENCSR410FEH_ENCFF946LHJ_GRCh38_rep1-2.narrowPeak.bed	yes	502	8607	57	1067	11.354581673306772	12.396886255373534	99	2176	0.9051525330918356	0.5300662561750746	30	241	5.9760956175298805	2.800046473800395	42	300	2.2063787889443702	0.0002210941701418	C:\Users\Yusen Zhang\Downloads\baseline_like_overlap_three_class_summary_control.tsv	event_region	0.1143141153081511	0.12401254646840149	0.9217947583817936	-0.1174825308123804	-1.0423045820667625	0.9159220661869857	0.27566984192224686
control	TF	TF ChIP-seq	HepG2	ZNF205	ZNF205	ENCSR157CEN	ENCFF766KKU	/bigdata/wmalab/yzhan677/ChIP-seq_HepG2/ZNF205/ZNF205_HepG2_ENCSR157CEN_ENCFF766KKU_GRCh38_rep1-2.narrowPeak.bed	yes	502	8607	51	545	10.159362549800797	6.33205530382247	69	901	1.672784230761407	0.0014966485898407	23	87	4.581673306772909	1.0108051585918438	34	98	4.7023252465625225	2.208019127840549e-08	C:\Users\Yusen Zhang\Downloads\baseline_like_overlap_three_class_summary_control.tsv	event_region	0.10238568588469185	0.06337128252788105	1.6156480001749356	0.6921129136107081	3.827307245978327	1.6044336415804672	2.8248801591817148
control	TF	TF ChIP-seq	HepG2	ZNF501	ZNF501	ENCSR227PHM	ENCFF322IVF	/bigdata/wmalab/yzhan677/ChIP-seq_HepG2/ZNF501/ZNF501_HepG2_ENCSR227PHM_ENCFF322IVF_GRCh38_rep1-2.narrowPeak.bed	yes	502	8607	70	769	13.94422310756972	8.934588125943998	110	1520	1.6515556518807497	0.0003359646083924	32	195	6.374501992031872	2.265597769257581	46	272	2.93708674304419	7.922778490500188e-07	C:\Users\Yusen Zhang\Downloads\baseline_like_overlap_three_class_summary_control.tsv	event_region	0.14015904572564614	0.0893935873605948	1.56788702482958	0.6488216088216804	5.009634981625721	1.5607012781125174	3.4737064701977776
control	TF	TF ChIP-seq	K562	DMBX1	DMBX1	ENCSR091IQZ	ENCFF359ZQQ	/bigdata/wmalab/yzhan677/ChIP-seq_K562/DMBX1/DMBX1_K562_ENCSR091IQZ_ENCFF359ZQQ_GRCh38_rep3-4.narrowPeak.bed	yes	2645	5737	149	350	5.633270321361058	6.100749520655395	232	670	0.9187992216117216	0.426878425605022	59	58	2.23062381852552	1.0109813491371795	73	70	2.23391871349708	2.075902826080158e-05	C:\Users\Yusen Zhang\Downloads\baseline_like_overlap_three_class_summary_control.tsv	event_region	0.05650037792894936	0.061084001394214014	0.9249619644973222	-0.1125340533225305	-0.46747919929433657	0.9233734809613826	0.36969579384317375
control	TF	TF ChIP-seq	K562	E2F1	E2F1	ENCSR153DWR	ENCFF904RTN	/bigdata/wmalab/yzhan677/ChIP-seq_K562/E2F1/E2F1_K562_ENCSR153DWR_ENCFF904RTN_GRCh38_rep1-2.narrowPeak.bed	yes	2645	5737	115	142	4.3478260869565215	2.4751612340944744	157	238	1.7909731113956466	8.17213808985935e-06	58	24	2.1928166351606806	0.4183371099877985	78	28	5.336844478804278	3.2349002546018725e-13	C:\Users\Yusen Zhang\Downloads\baseline_like_overlap_three_class_summary_control.tsv	event_region	0.04365079365079365	0.024834437086092714	1.7576719576719577	0.8136658388539412	1.872664852862047	1.7565829761175749	5.0876643034251465
control	TF	TF ChIP-seq	K562	ETV5	ETV5	ENCSR971EWR	ENCFF604LXR	/bigdata/wmalab/yzhan677/ChIP-seq_K562/ETV5/ETV5_K562_ENCSR971EWR_ENCFF604LXR_GRCh38_rep1-2.narrowPeak.bed	yes	2645	5737	162	271	6.1247637051039705	4.723723200278891	242	499	1.3159477063961136	0.0079030583498951	70	56	2.6465028355387523	0.9761199233048632	85	70	2.757766990291262	3.139352281735981e-08	C:\Users\Yusen Zhang\Downloads\baseline_like_overlap_three_class_summary_control.tsv	event_region	0.06141345427059713	0.04731613802718717	1.2979388604224176	0.37622242660144317	1.4010405048250796	1.2965966559476563	2.102204811564013
control	TF	TF ChIP-seq	K562	HES1	HES1	ENCSR091JXL	ENCFF010OOE	/bigdata/wmalab/yzhan677/ChIP-seq_K562/HES1/HES1_K562_ENCSR091JXL_ENCFF010OOE_GRCh38_rep1-2.narrowPeak.bed	yes	2645	5737	102	311	3.856332703213611	5.420951716925222	117	436	0.6997988299006288	0.0019416956218505	36	44	1.3610586011342156	0.7669513683109639	41	49	1.7853235304366006	0.0110709645222311	C:\Users\Yusen Zhang\Downloads\baseline_like_overlap_three_class_summary_control.tsv	event_region	0.03873771730914588	0.05428720808644127	0.7135698938037851	-0.4868733470285682	-1.564619013711611	0.7113755857986009	2.7118188486356147
control	TF	TF ChIP-seq	K562	JUND	JUND	ENCSR000EGN	ENCFF213EYD	/bigdata/wmalab/yzhan677/ChIP-seq_K562/JUND/JUND_K562_ENCSR000EGN_ENCFF213EYD_GRCh38_rep1-2.narrowPeak.bed	yes	2645	5737	384	977	14.517958412098295	17.02980651908663	567	1851	0.8274524591930184	0.0037274719890652	143	172	5.406427221172023	2.9980826215792225	166	187	1.8492066811666945	1.7297189317298097e-07	C:\Users\Yusen Zhang\Downloads\baseline_like_overlap_three_class_summary_control.tsv	event_region	0.14531368102796674	0.17035552457302197	0.8530024570214558	-0.22937819774290064	-2.511848106988335	0.8525028394084742	2.4285856114672213
control	TF	TF ChIP-seq	K562	MEF2A	MEF2A	ENCSR000BNV	ENCFF310SMW	/bigdata/wmalab/yzhan677/ChIP-seq_K562/MEF2A/MEF2A_K562_ENCSR000BNV_ENCFF310SMW_GRCh38_rep1-2.narrowPeak.bed	yes	2645	5737	9	33	0.3402646502835539	0.5752135262332229	10	34	0.5901503655676645	0.1842488998922082	2	2	0.0756143667296786	0.0348614258323165	2	2	2.1698827090427546	0.5952066434451071	C:\Users\Yusen Zhang\Downloads\baseline_like_overlap_three_class_summary_control.tsv	event_region	0.0035903250188964475	0.005838271174625305	0.6149637301023229	-0.7014267705241993	-0.23494887594966896	0.5915449389929542	0.7345950965336046
control	TF	TF ChIP-seq	K562	RUNX1	RUNX1	ENCSR588AKU	ENCFF091MQJ	/bigdata/wmalab/yzhan677/ChIP-seq_K562/RUNX1/RUNX1_K562_ENCSR588AKU_ENCFF091MQJ_GRCh38_rep1-2.narrowPeak.bed	yes	2645	5737	52	127	1.9659735349716445	2.2137005403521	66	146	0.885849546477342	0.5156425262389928	19	12	0.718336483931947	0.2091685549938992	22	13	3.451859609037827	0.0007202417758772	C:\Users\Yusen Zhang\Downloads\baseline_like_overlap_three_class_summary_control.tsv	event_region	0.01984126984126984	0.02222028581387243	0.892934951758481	-0.16337301270274787	-0.24772700538045567	0.8880937141836477	0.2876512725650995
control	TF	TF ChIP-seq	K562	SMAD4	SMAD4	ENCSR068QXO	ENCFF934NEX	/bigdata/wmalab/yzhan677/ChIP-seq_K562/SMAD4/SMAD4_K562_ENCSR068QXO_ENCFF934NEX_GRCh38_rep1-2.narrowPeak.bed	yes	2645	5737	110	179	4.158790170132325	3.1200976119923305	133	233	1.347349398917942	0.0171037783926206	42	32	1.5879017013232517	0.5577828133170646	44	34	2.876608720706877	7.316773366307267e-06	C:\Users\Yusen Zhang\Downloads\baseline_like_overlap_three_class_summary_control.tsv	event_region	0.04176114890400605	0.03128267689090276	1.334960849087391	0.4167974320583678	1.0386925581399944	1.332903866259729	1.7669079390930562
control	TF	TF ChIP-seq	K562	TBP	TBP	ENCSR000EHA	ENCFF370YGS	/bigdata/wmalab/yzhan677/ChIP-seq_K562/TBP/TBP_K562_ENCSR000EHA_ENCFF370YGS_GRCh38_rep1-2.narrowPeak.bed	yes	2645	5737	177	308	6.691871455576559	5.368659578176747	233	538	1.2641460039150476	0.0179194893994303	73	74	2.75992438563327	1.289872755795712	86	81	2.1720345929132865	4.069790080439386e-06	C:\Users\Yusen Zhang\Downloads\baseline_like_overlap_three_class_summary_control.tsv	event_region	0.06708238851095993	0.05376437783199721	1.2477106816074168	0.319283441732614	1.3232118773998112	1.2464696928780103	1.7466743693485114
control	TF	TF ChIP-seq	K562	ZNF140	ZNF140	ENCSR377HQG	ENCFF207XCM	/bigdata/wmalab/yzhan677/ChIP-seq_K562/ZNF140/ZNF140_K562_ENCSR377HQG_ENCFF207XCM_GRCh38_rep1-2.narrowPeak.bed	yes	2645	5737	7	18	0.2646502835538752	0.3137528324908488	7	20	0.8430839861848202	0.8309305608916009	1	0	0.0378071833648393	0.0	1	0	inf	0.3155571462658077	C:\Users\Yusen Zhang\Downloads\baseline_like_overlap_three_class_summary_control.tsv	event_region	0.002834467120181406	0.0032241199024050193	0.8791444505730219	-0.18582786353044373	-0.04910254893697358	0.8434992648603236	0.08043526777022132
control	TF	TF ChIP-seq	K562	ZNF324	ZNF324	ENCSR712KVZ	ENCFF265MQC	/bigdata/wmalab/yzhan677/ChIP-seq_K562/ZNF324/ZNF324_K562_ENCSR712KVZ_ENCFF265MQC_GRCh38_rep1-2.narrowPeak.bed	yes	2645	5737	57	213	2.155009451795841	3.712741851141712	72	313	0.5711953327383155	0.0001385073326293	7	9	0.2646502835538752	0.1568764162454244	10	9	1.6888214977676692	0.2921417151288004	C:\Users\Yusen Zhang\Downloads\baseline_like_overlap_three_class_summary_control.tsv	event_region	0.021730914588057443	0.03720808644126874	0.5840374140809068	-0.7758673021861278	-1.5577323993458712	0.5804361138475463	3.8585272342807855
control	RBP	eCLIP	HepG2	FUS	FUS	ENCSR464OSH	ENCFF972DFZ	/rhome/yzhan677/bigdata/eCLIP_HepG2/FUS/FUS_HepG2_ENCSR464OSH_ENCFF972DFZ_GRCh38_rep1-2.narrowPeak.bed	yes	502	8607	19	27	3.784860557768925	0.3136981526664343	51	45	12.50057510927076	8.978392599140543e-13	11	0	2.1912350597609564	0.0	40	0	inf	1.2831254513701352e-14	outputs\ir_nonir_ratio_analysis\control_rbp_only_summary.tsv	event_region	0.03876739562624255	0.003194702602230483	12.134899692752576	3.601090278088686	3.4711624051024907	12.065294378043383	12.046801408077553
control	RBP	eCLIP	HepG2	hnRNPK	HNRNPK	ENCSR828ZID	ENCFF855CPQ	/rhome/yzhan677/bigdata/eCLIP_HepG2/HNRNPK/HNRNPK_HepG2_ENCSR828ZID_ENCFF855CPQ_GRCh38_rep1-2.narrowPeak.bed	yes	502	8607	96	410	19.12350597609562	4.763564540490298	206	825	4.727333894028596	1.853270381622245e-28	52	45	10.358565737051793	0.5228302544440572	82	60	21.98637037037037	2.7474653262472854e-40	outputs\ir_nonir_ratio_analysis\control_rbp_only_summary.tsv	event_region	0.1918489065606362	0.047688197026022304	4.022985110046179	2.0082663982413727	14.35994143560532	4.014536974055	27.732061214960492
control	RBP	eCLIP	HepG2	TARDBP	TARDBP	ENCSR187VEQ	ENCFF673QBV	/rhome/yzhan677/bigdata/eCLIP_HepG2/TARDBP/TARDBP_HepG2_ENCSR187VEQ_ENCFF673QBV_GRCh38_rep1-2.narrowPeak.bed	yes	502	8607	35	866	6.97211155378486	10.061577785523411	88	2278	0.6699314082814486	0.0253623208099615	15	82	2.98804780876494	0.9527129080980598	37	140	3.202158561626684	0.0002499963765287	outputs\ir_nonir_ratio_analysis\control_rbp_only_summary.tsv	event_region	0.0705765407554672	0.10066217472118959	0.7011227499400596	-0.5122610469043904	-3.0894662317385517	0.6929441587000725	1.5958110083280346
control	RBP	eCLIP	K562	FUS	FUS	ENCSR069EVH	ENCFF861KMV	/rhome/yzhan677/bigdata/eCLIP_K562/FUS/FUS_K562_ENCSR069EVH_ENCFF861KMV_GRCh38_rep1-2.narrowPeak.bed	yes	2645	5737	113	73	4.272211720226843	1.2724420428795538	380	236	3.462702071025125	1.4674074179277223e-16	57	5	2.155009451795841	0.0871535645807913	208	8	25.24914992272025	1.9306976904494232e-23	outputs\ir_nonir_ratio_analysis\control_rbp_only_summary.tsv	event_region	0.04289493575207861	0.0128093412338794	3.348723011502409	1.7436110489445382	2.999769677347289	3.3574902245125204	15.833449289842862
control	RBP	eCLIP	K562	FXR1	FXR1	ENCSR248TXP	ENCFF136CWQ	/rhome/yzhan677/bigdata/eCLIP_K562/FXR1/FXR1_K562_ENCSR248TXP_ENCFF136CWQ_GRCh38_rep1-2.narrowPeak.bed	yes	2645	5737	27	285	1.0207939508506616	4.967753181105107	54	2356	0.1972900164850629	9.128612686992101e-23	4	42	0.1512287334593572	0.7320899424786473	5	51	0.2053695389553019	0.0003619450054005	outputs\ir_nonir_ratio_analysis\control_rbp_only_summary.tsv	event_region	0.010393046107331822	0.04975601254792611	0.2088802051273905	-2.2592523153481956	-3.9469592302544454	0.20548403143965774	22.039595218978743
control	RBP	eCLIP	K562	hnRNPK	HNRNPK	ENCSR953ZOA	ENCFF318RSO	/rhome/yzhan677/bigdata/eCLIP_K562/HNRNPK/HNRNPK_K562_ENCSR953ZOA_ENCFF318RSO_GRCh38_rep1-2.narrowPeak.bed	yes	2645	5737	197	167	7.448015122873346	2.910929056998431	667	389	2.684068138233337	1.2820445185375984e-19	90	12	3.402646502835539	0.2091685549938992	260	19	16.80528375733855	4.962813078580553e-33	outputs\ir_nonir_ratio_analysis\control_rbp_only_summary.tsv	event_region	0.07464096749811036	0.029191355873126525	2.5569544567412374	1.3544264642093182	4.537086065874915	2.558638488618227	18.892096893834726
control	RBP	eCLIP	K562	TARDBP	TARDBP	ENCSR720BJU	ENCFF593RED	/rhome/yzhan677/bigdata/eCLIP_K562/TARDBP/TARDBP_K562_ENCSR720BJU_ENCFF593RED_GRCh38_rep1-2.narrowPeak.bed	yes	2645	5737	131	246	4.952741020793951	4.287955377374934	312	358	1.1631142027410728	0.1738749529088474	64	22	2.4196597353497165	0.3834756841554819	185	25	6.441477933147828	2.8743950605030167e-16	outputs\ir_nonir_ratio_analysis\control_rbp_only_summary.tsv	event_region	0.049697656840513985	0.04295921924015336	1.1568566123767516	0.21021005940437867	0.6647856434190169	1.1550355787111748	0.7597629746213521
